Applicant_Income,Coapplicant_Income,Loan_Amount,Loan_Amount_Term,Credit_History,Loan_Amount_Log,Gender_Female,Gender_Male,Married_No,Married_Yes,Dependents_0,Dependents_1,Dependents_2,Dependents_3+,Education_Graduate,Education_Not Graduate,Self_Employed_No,Self_Employed_Yes,Property_Area_Rural,Property_Area_Semiurban,Property_Area_Urban,Loan_Status
6000,2250.0,265.0,360.0,1.0,5.579729825986222,False,True,False,True,True,False,False,False,True,False,True,False,False,True,False,0
2958,2900.0,131.0,360.0,1.0,4.875197323201151,False,True,False,True,True,False,False,False,True,False,True,False,False,True,False,1
6250,1695.0,210.0,360.0,1.0,5.3471075307174685,False,True,False,True,False,False,True,False,True,False,True,False,False,True,False,1
2083,3150.0,128.0,360.0,1.0,4.852030263919617,False,True,False,True,True,False,False,False,True,False,True,False,False,True,False,1
4166,0.0,98.0,360.0,0.0,4.584967478670572,False,True,True,False,True,False,False,False,True,False,True,False,False,True,False,0
19730,5266.0,570.0,360.0,1.0,6.345636360828596,False,True,False,True,True,False,False,False,True,False,True,False,True,False,False,0
3333,2166.0,130.0,360.0,1.0,4.867534450455582,False,True,False,True,False,False,False,True,False,True,False,True,False,True,False,1
3365,1917.0,112.0,360.0,0.0,4.718498871295094,False,True,False,True,False,False,True,False,False,True,True,False,True,False,False,0
3625,0.0,108.0,360.0,1.0,4.68213122712422,True,False,False,True,True,False,False,False,True,False,True,False,False,True,False,1
9508,0.0,187.0,360.0,1.0,5.231108616854587,False,True,True,False,True,False,False,False,True,False,True,False,True,False,False,1
5285,1430.0,161.0,360.0,0.0,5.081404364984463,False,True,False,True,False,True,False,False,False,True,True,False,False,True,False,1
6125,1625.0,187.0,480.0,1.0,5.231108616854587,False,True,False,True,False,False,True,False,False,True,True,False,False,True,False,0
2920,16.12000084,87.0,360.0,1.0,4.465908118654584,False,True,False,True,True,False,False,False,True,False,True,False,True,False,False,1
3707,3166.0,182.0,360.0,1.0,5.204006687076795,False,True,False,True,True,False,False,False,True,False,True,False,True,False,False,1
6256,0.0,160.0,360.0,1.0,5.075173815233827,False,True,False,True,True,False,False,False,True,False,True,False,False,False,True,1
17500,0.0,400.0,360.0,1.0,5.991464547107982,False,True,False,True,False,False,True,False,True,False,False,True,True,False,False,1
12841,10968.0,349.0,360.0,1.0,5.855071922202427,False,True,False,True,False,True,False,False,True,False,True,False,False,True,False,0
4750,2333.0,130.0,360.0,1.0,4.867534450455582,False,True,False,True,True,False,False,False,True,False,True,False,False,False,True,1
4583,2083.0,160.0,360.0,1.0,5.075173815233827,False,True,False,True,False,False,True,False,True,False,False,True,False,True,False,1
4606,0.0,81.0,360.0,1.0,4.394449154672439,True,False,True,False,False,True,False,False,False,True,True,False,True,False,False,0
416,41667.0,350.0,180.0,1.0,5.857933154483459,True,False,True,False,False,False,False,True,True,False,True,False,False,False,True,0
7167,0.0,128.0,360.0,1.0,4.852030263919617,False,True,True,False,True,False,False,False,True,False,False,True,False,False,True,1
3988,0.0,50.0,240.0,1.0,3.912023005428146,False,True,False,True,False,True,False,False,True,False,True,False,False,False,True,1
4095,3447.0,151.0,360.0,1.0,5.017279836814924,False,True,True,False,True,False,False,False,True,False,True,False,True,False,False,1
11000,0.0,83.0,360.0,1.0,4.418840607796598,False,True,True,False,True,False,False,False,True,False,False,True,False,False,True,0
9963,0.0,180.0,360.0,1.0,5.19295685089021,False,True,False,True,True,False,False,False,True,False,False,True,True,False,False,1
2550,2042.0,126.0,360.0,1.0,4.836281906951478,False,True,True,False,True,False,False,False,False,True,True,False,True,False,False,1
210,2917.0,98.0,360.0,1.0,4.584967478670572,True,False,False,True,False,False,True,False,False,True,True,False,False,True,False,1
3166,0.0,36.0,360.0,1.0,3.58351893845611,True,False,False,True,True,False,False,False,True,False,True,False,False,True,False,1
4400,0.0,127.0,360.0,0.0,4.844187086458591,False,True,False,True,False,False,True,False,True,False,True,False,False,True,False,0
3750,0.0,113.0,480.0,1.0,4.727387818712341,False,True,True,False,True,False,False,False,True,False,True,False,False,False,True,0
3273,1820.0,81.0,360.0,1.0,4.394449154672439,False,True,False,True,False,False,True,False,False,True,True,False,False,False,True,1
4000,2500.0,140.0,360.0,1.0,4.941642422609304,False,True,True,False,True,False,False,False,True,False,True,False,True,False,False,1
7100,0.0,125.0,60.0,1.0,4.8283137373023015,False,True,False,True,False,False,False,True,False,True,False,True,False,False,True,1
4950,0.0,125.0,360.0,1.0,4.8283137373023015,False,True,True,False,True,False,False,False,True,False,True,False,False,False,True,1
3430,1250.0,128.0,360.0,0.0,4.852030263919617,False,True,False,True,False,False,False,True,True,False,True,False,False,True,False,0
3418,0.0,135.0,360.0,1.0,4.90527477843843,True,False,True,False,True,False,False,False,True,False,True,False,True,False,False,0
8566,0.0,210.0,360.0,1.0,5.3471075307174685,False,True,True,False,True,False,False,False,True,False,True,False,False,False,True,1
5815,3666.0,311.0,360.0,1.0,5.739792912179234,False,True,True,False,True,False,False,False,True,False,True,False,True,False,False,0
2214,1398.0,85.0,360.0,1.0,4.442651256490317,False,True,False,True,False,True,False,False,True,False,True,False,False,False,True,1
3276,484.0,135.0,360.0,1.0,4.90527477843843,False,True,False,True,False,False,True,False,True,False,True,False,False,True,False,1
3246,1417.0,138.0,360.0,1.0,4.927253685157205,False,True,False,True,True,False,False,False,True,False,True,False,False,True,False,1
3500,1667.0,114.0,360.0,1.0,4.736198448394496,False,True,False,True,True,False,False,False,True,False,True,False,False,True,False,1
5849,0.0,128.0,360.0,1.0,4.852030263919617,False,True,True,False,True,False,False,False,True,False,True,False,False,False,True,1
3987,1411.0,157.0,360.0,1.0,5.056245805348308,False,True,False,True,False,False,True,False,False,True,True,False,True,False,False,1
5516,11300.0,495.0,360.0,0.0,6.20455776256869,False,True,False,True,False,False,False,True,True,False,True,False,False,True,False,0
8333,3167.0,165.0,360.0,1.0,5.10594547390058,False,True,False,True,False,False,True,False,True,False,True,False,True,False,False,1
1500,1800.0,103.0,360.0,0.0,4.634728988229636,True,False,True,False,True,False,False,False,True,False,True,False,False,True,False,0
6283,4416.0,209.0,360.0,0.0,5.342334251964811,False,True,True,False,True,False,False,False,True,False,True,False,True,False,False,0
4931,0.0,128.0,360.0,1.0,4.852030263919617,False,True,False,True,False,False,False,True,False,True,True,False,False,True,False,0
2600,1911.0,116.0,360.0,0.0,4.7535901911063645,False,True,False,True,True,False,False,False,False,True,True,False,False,True,False,0
4301,0.0,118.0,360.0,1.0,4.770684624465665,False,True,False,True,True,False,False,False,True,False,True,False,False,False,True,1
3167,2283.0,154.0,360.0,1.0,5.0369526024136295,True,False,False,True,True,False,False,False,True,False,True,False,False,True,False,1
5695,4167.0,175.0,360.0,1.0,5.1647859739235145,False,True,False,True,True,False,False,False,True,False,True,False,False,True,False,1
1880,0.0,61.0,360.0,1.0,4.110873864173311,False,True,False,True,False,True,False,False,True,False,True,False,True,False,False,0
37719,0.0,152.0,360.0,1.0,5.0238805208462765,False,True,True,False,False,True,False,False,True,False,True,False,False,True,False,1
4887,0.0,133.0,360.0,1.0,4.890349128221754,False,True,False,True,True,False,False,False,False,True,True,False,True,False,False,0
3333,2500.0,128.0,360.0,1.0,4.852030263919617,False,True,False,True,True,False,False,False,True,False,True,False,False,True,False,1
4652,0.0,110.0,360.0,1.0,4.700480365792417,False,True,False,True,False,False,True,False,False,True,True,False,True,False,False,1
11757,0.0,187.0,180.0,1.0,5.231108616854587,False,True,False,True,False,False,True,False,True,False,True,False,False,False,True,1
3075,2416.0,139.0,360.0,1.0,4.934473933130692,False,True,False,True,True,False,False,False,True,False,True,False,True,False,False,1
5500,0.0,105.0,360.0,0.0,4.653960350157523,True,False,False,True,True,False,False,False,True,False,False,True,True,False,False,0
2454,2333.0,181.0,360.0,0.0,5.198497031265826,False,True,False,True,True,False,False,False,False,True,True,False,False,False,True,0
2894,2792.0,155.0,360.0,1.0,5.043425116919247,False,True,False,True,True,False,False,False,False,True,True,False,True,False,False,1
2060,2209.0,134.0,360.0,1.0,4.897839799950911,False,True,True,False,True,False,False,False,True,False,True,False,False,True,False,1
2600,1700.0,107.0,360.0,1.0,4.672828834461906,False,True,False,True,True,False,False,False,False,True,True,False,True,False,False,1
6783,0.0,130.0,360.0,1.0,4.867534450455582,False,True,True,False,True,False,False,False,False,True,True,False,False,True,False,1
2149,3237.0,178.0,360.0,0.0,5.181783550292085,True,False,False,True,True,False,False,False,False,True,True,False,False,True,False,0
2439,3333.0,129.0,360.0,1.0,4.859812404361672,False,True,False,True,True,False,False,False,True,False,True,False,True,False,False,1
11500,0.0,286.0,360.0,0.0,5.655991810819852,True,False,False,True,False,True,False,False,True,False,False,True,False,False,True,0
1809,1868.0,90.0,360.0,1.0,4.499809670330265,False,True,False,True,True,False,False,False,True,False,True,False,False,False,True,1
5649,0.0,44.0,360.0,1.0,3.784189633918261,False,True,False,True,False,True,False,False,True,False,True,False,False,False,True,1
4133,0.0,122.0,360.0,1.0,4.804021044733257,False,True,True,False,True,False,False,False,True,False,True,False,False,True,False,1
2833,1857.0,126.0,360.0,1.0,4.836281906951478,False,True,True,False,True,False,False,False,True,False,True,False,True,False,False,1
3800,3600.0,216.0,360.0,0.0,5.375278407684165,False,True,False,True,False,False,True,False,True,False,True,False,False,False,True,0
4053,2426.0,158.0,360.0,0.0,5.062595033026967,False,True,True,False,False,True,False,False,False,True,False,True,False,False,True,0
3125,2583.0,170.0,360.0,1.0,5.135798437050262,False,True,False,True,False,True,False,False,True,False,True,False,False,True,False,0
4583,0.0,133.0,360.0,0.0,4.890349128221754,True,False,True,False,True,False,False,False,True,False,False,True,False,True,False,0
3326,913.0,105.0,84.0,1.0,4.653960350157523,True,False,False,True,False,True,False,False,True,False,True,False,False,True,False,1
1958,1456.0,60.0,300.0,1.0,4.0943445622221,False,True,False,True,False,False,True,False,False,True,True,False,False,False,True,1
3406,4417.0,123.0,360.0,1.0,4.812184355372417,False,True,False,True,True,False,False,False,False,True,True,False,False,True,False,1
1993,1625.0,113.0,180.0,1.0,4.727387818712341,False,True,False,True,False,False,True,False,False,True,True,False,False,True,False,1
2917,0.0,84.0,360.0,1.0,4.430816798843313,True,False,True,False,True,False,False,False,True,False,True,False,False,True,False,1
8300,0.0,152.0,300.0,0.0,5.0238805208462765,False,True,False,True,False,True,False,False,True,False,True,False,False,True,False,0
16666,0.0,275.0,360.0,1.0,5.616771097666572,False,True,False,True,False,False,True,False,True,False,True,False,False,False,True,1
5166,0.0,128.0,360.0,1.0,4.852030263919617,False,True,True,False,True,False,False,False,True,False,False,True,False,True,False,1
18333,0.0,500.0,360.0,1.0,6.214608098422191,False,True,False,True,False,True,False,False,True,False,True,False,False,False,True,0
4300,0.0,136.0,360.0,0.0,4.912654885736052,True,False,True,False,True,False,False,False,True,False,True,False,False,True,False,0
2526,1783.0,145.0,360.0,1.0,4.976733742420574,False,True,True,False,True,False,False,False,True,False,True,False,True,False,False,1
1600,20000.0,239.0,360.0,1.0,5.476463551931511,False,True,False,True,False,False,True,False,True,False,False,True,False,False,True,0
2600,1717.0,99.0,300.0,1.0,4.59511985013459,True,False,True,False,True,False,False,False,True,False,False,True,False,True,False,0
3617,0.0,107.0,360.0,1.0,4.672828834461906,False,True,True,False,False,False,True,False,True,False,True,False,False,True,False,1
4608,2845.0,140.0,180.0,1.0,4.941642422609304,True,False,False,True,False,True,False,False,True,False,True,False,False,True,False,1
5000,2541.0,151.0,480.0,1.0,5.017279836814924,True,False,True,False,True,False,False,False,True,False,True,False,True,False,False,0
4860,830.0,125.0,360.0,1.0,4.8283137373023015,False,True,False,True,True,False,False,False,True,False,True,False,False,True,False,1
4300,2014.0,194.0,360.0,1.0,5.267858159063328,False,True,False,True,True,False,False,False,False,True,True,False,True,False,False,1
4707,1993.0,148.0,360.0,1.0,4.997212273764115,False,True,True,False,False,False,False,True,False,True,True,False,False,True,False,1
3095,0.0,113.0,360.0,1.0,4.727387818712341,False,True,False,True,False,False,False,True,False,True,True,False,True,False,False,1
39147,4750.0,120.0,360.0,1.0,4.787491742782046,False,True,False,True,True,False,False,False,True,False,False,True,False,True,False,1
6608,0.0,137.0,180.0,1.0,4.919980925828125,False,True,False,True,False,True,False,False,False,True,True,False,False,False,True,1
2014,2925.0,113.0,360.0,1.0,4.727387818712341,False,True,False,True,False,True,False,False,True,False,True,False,False,False,True,0
3775,0.0,110.0,360.0,1.0,4.700480365792417,False,True,False,True,True,False,False,False,True,False,True,False,False,True,False,1
11146,0.0,136.0,360.0,1.0,4.912654885736052,False,True,False,True,True,False,False,False,True,False,True,False,False,False,True,1
14583,0.0,436.0,360.0,1.0,6.077642243349034,False,True,False,True,True,False,False,False,True,False,True,False,False,True,False,1
3167,0.0,74.0,360.0,1.0,4.30406509320417,False,True,True,False,True,False,False,False,True,False,True,False,False,False,True,0
3000,3416.0,56.0,180.0,1.0,4.02535169073515,False,True,False,True,True,False,False,False,True,False,True,False,False,True,False,1
5677,1424.0,100.0,360.0,1.0,4.605170185988092,False,True,False,True,False,False,False,True,True,False,False,True,True,False,False,1
3182,2917.0,161.0,360.0,1.0,5.081404364984463,False,True,True,False,True,False,False,False,True,False,True,False,False,False,True,1
3450,2079.0,162.0,360.0,1.0,5.087596335232384,False,True,False,True,False,True,False,False,True,False,False,True,False,True,False,1
2400,3800.0,128.0,180.0,1.0,4.852030263919617,False,True,False,True,True,False,False,False,False,True,True,False,False,False,True,0
5050,0.0,118.0,360.0,1.0,4.770684624465665,False,True,True,False,True,False,False,False,True,False,True,False,False,True,False,1
3500,1083.0,135.0,360.0,1.0,4.90527477843843,False,True,False,True,False,True,False,False,False,True,True,False,False,False,True,1
5417,0.0,168.0,360.0,1.0,5.123963979403259,False,True,True,False,True,False,False,False,True,False,True,False,False,False,True,1
2625,6250.0,187.0,360.0,1.0,5.231108616854587,False,True,False,True,True,False,False,False,True,False,True,False,True,False,False,1
3036,2504.0,158.0,360.0,0.0,5.062595033026967,False,True,False,True,False,False,False,True,True,False,True,False,False,True,False,0
11250,0.0,196.0,360.0,1.0,5.278114659230517,False,True,True,False,False,True,False,False,True,False,True,False,False,True,False,0
2600,3500.0,115.0,360.0,1.0,4.74493212836325,False,True,False,True,True,False,False,False,True,False,True,False,False,False,True,1
3522,0.0,81.0,180.0,1.0,4.394449154672439,False,True,False,True,False,False,False,True,False,True,True,False,True,False,False,0
16692,0.0,110.0,360.0,1.0,4.700480365792417,False,True,False,True,True,False,False,False,True,False,True,False,False,True,False,1
2132,1591.0,96.0,360.0,1.0,4.564348191467836,False,True,False,True,True,False,False,False,True,False,True,False,False,True,False,1
3541,0.0,112.0,360.0,1.0,4.718498871295094,True,False,True,False,False,True,False,False,True,False,True,False,False,True,False,1
3523,3230.0,152.0,360.0,0.0,5.0238805208462765,False,True,False,True,True,False,False,False,False,True,True,False,True,False,False,0
3400,2500.0,173.0,360.0,1.0,5.153291594497779,False,True,False,True,False,True,False,False,True,False,True,False,False,True,False,1
2833,0.0,71.0,360.0,1.0,4.262679877041316,False,True,True,False,True,False,False,False,True,False,True,False,False,False,True,1
2400,2167.0,115.0,360.0,1.0,4.74493212836325,False,True,False,True,True,False,False,False,True,False,True,False,False,True,False,1
4000,2275.0,144.0,360.0,1.0,4.969813299576001,True,False,True,False,True,False,False,False,True,False,True,False,False,True,False,1
3900,0.0,90.0,360.0,1.0,4.499809670330265,False,True,False,True,False,False,True,False,True,False,True,False,False,True,False,1
9560,0.0,191.0,360.0,1.0,5.25227342804663,False,True,False,True,True,False,False,False,True,False,False,True,False,True,False,1
2333,2417.0,136.0,360.0,1.0,4.912654885736052,False,True,False,True,True,False,False,False,True,False,True,False,False,False,True,1
3676,4301.0,172.0,360.0,1.0,5.147494476813453,False,True,True,False,True,False,False,False,True,False,True,False,True,False,False,1
2221,0.0,60.0,360.0,0.0,4.0943445622221,False,True,False,True,True,False,False,False,True,False,True,False,False,False,True,0
2425,2340.0,143.0,360.0,1.0,4.962844630259907,False,True,False,True,True,False,False,False,True,False,True,False,False,True,False,1
2000,0.0,128.0,360.0,1.0,4.852030263919617,False,True,True,False,True,False,False,False,False,True,True,False,False,False,True,0
6050,4333.0,120.0,180.0,1.0,4.787491742782046,False,True,True,False,True,False,False,False,True,False,False,True,False,False,True,0
15759,0.0,55.0,360.0,1.0,4.007333185232471,True,False,True,False,True,False,False,False,True,False,False,True,False,True,False,1
3254,0.0,50.0,360.0,1.0,3.912023005428146,False,True,True,False,True,False,False,False,True,False,True,False,False,False,True,1
23803,0.0,370.0,360.0,1.0,5.91350300563827,False,True,False,True,False,False,False,True,True,False,True,False,True,False,False,1
2423,505.0,130.0,360.0,1.0,4.867534450455582,True,False,False,True,True,False,False,False,True,False,True,False,False,True,False,1
7451,0.0,128.0,360.0,1.0,4.852030263919617,True,False,True,False,False,True,False,False,True,False,False,True,False,True,False,1
5708,5625.0,187.0,360.0,1.0,5.231108616854587,False,True,False,True,True,False,False,False,True,False,True,False,False,True,False,1
3366,2200.0,135.0,360.0,1.0,4.90527477843843,False,True,False,True,True,False,False,False,True,False,True,False,True,False,False,0
2935,0.0,98.0,360.0,1.0,4.584967478670572,False,True,True,False,True,False,False,False,True,False,True,False,False,True,False,1
2971,2791.0,144.0,360.0,1.0,4.969813299576001,False,True,True,False,True,False,False,False,True,False,True,False,False,True,False,1
3510,0.0,76.0,360.0,0.0,4.330733340286331,True,False,True,False,True,False,False,False,True,False,True,False,False,False,True,0
4723,0.0,81.0,360.0,1.0,4.394449154672439,True,False,True,False,False,True,False,False,True,False,True,False,False,True,False,0
3083,0.0,255.0,360.0,1.0,5.541263545158426,True,False,True,False,False,False,False,True,True,False,True,False,True,False,False,1
1820,1719.0,100.0,360.0,1.0,4.605170185988092,False,True,False,True,True,False,False,False,True,False,True,False,False,False,True,1
2165,0.0,70.0,360.0,1.0,4.248495242049359,True,False,True,False,True,False,False,False,False,True,True,False,False,True,False,1
4885,0.0,48.0,360.0,1.0,3.871201010907891,False,True,True,False,True,False,False,False,False,True,True,False,True,False,False,1
4333,2451.0,110.0,360.0,1.0,4.700480365792417,True,False,False,True,True,False,False,False,True,False,True,False,False,False,True,0
6417,0.0,157.0,180.0,1.0,5.056245805348308,False,True,False,True,False,False,False,True,True,False,True,False,True,False,False,1
5941,4232.0,296.0,360.0,1.0,5.69035945432406,False,True,True,False,True,False,False,False,True,False,True,False,False,True,False,1
3620,0.0,25.0,120.0,1.0,3.218875824868201,False,True,True,False,True,False,False,False,False,True,True,False,False,True,False,1
6400,7250.0,180.0,360.0,0.0,5.19295685089021,False,True,False,True,False,True,False,False,True,False,True,False,False,False,True,0
2378,0.0,46.0,360.0,1.0,3.828641396489095,True,False,True,False,True,False,False,False,True,False,True,False,True,False,False,0
1830,0.0,128.0,360.0,0.0,4.852030263919617,True,False,True,False,False,False,False,True,False,True,True,False,False,False,True,0
4342,189.0,124.0,360.0,1.0,4.820281565605037,False,True,False,True,False,False,False,True,True,False,True,False,False,True,False,1
5417,4196.0,267.0,360.0,1.0,5.58724865840025,False,True,False,True,False,False,True,False,True,False,False,True,False,False,True,1
3410,0.0,88.0,360.0,1.0,4.477336814478207,True,False,True,False,True,False,False,False,True,False,True,False,False,False,True,1
5000,0.0,132.0,360.0,1.0,4.882801922586371,True,False,True,False,True,False,False,False,True,False,True,False,True,False,False,1
2492,2375.0,128.0,360.0,1.0,4.852030263919617,False,True,False,True,False,True,False,False,False,True,True,False,True,False,False,1
2500,0.0,55.0,360.0,1.0,4.007333185232471,False,True,True,False,True,False,False,False,True,False,True,False,False,True,False,1
3596,0.0,100.0,240.0,1.0,4.605170185988092,False,True,True,False,False,True,False,False,False,True,True,False,False,False,True,1
2645,3440.0,120.0,360.0,0.0,4.787491742782046,True,False,False,True,True,False,False,False,True,False,True,False,False,False,True,0
3859,3300.0,142.0,180.0,1.0,4.955827057601261,False,True,False,True,True,False,False,False,True,False,True,False,True,False,False,1
4050,5302.0,138.0,360.0,1.0,4.927253685157205,False,True,False,True,False,True,False,False,False,True,True,False,True,False,False,0
2583,2358.0,120.0,360.0,1.0,4.787491742782046,False,True,False,True,True,False,False,False,False,True,True,False,False,False,True,1
5250,688.0,160.0,360.0,1.0,5.075173815233827,False,True,False,True,False,True,False,False,True,False,True,False,True,False,False,1
2483,2466.0,90.0,180.0,0.0,4.499809670330265,False,True,False,True,True,False,False,False,True,False,True,False,True,False,False,1
2764,1459.0,110.0,360.0,1.0,4.700480365792417,True,False,True,False,True,False,False,False,True,False,True,False,False,False,True,1
2130,6666.0,70.0,180.0,1.0,4.248495242049359,False,True,False,True,True,False,False,False,True,False,True,False,False,True,False,0
2927,2405.0,111.0,360.0,1.0,4.709530201312334,False,True,True,False,True,False,False,False,False,True,True,False,False,True,False,1
3250,0.0,170.0,360.0,1.0,5.135798437050262,False,True,False,True,True,False,False,False,True,False,True,False,True,False,False,0
2799,2253.0,122.0,360.0,1.0,4.804021044733257,False,True,False,True,True,False,False,False,True,False,True,False,False,True,False,1
10416,0.0,187.0,360.0,0.0,5.231108616854587,False,True,True,False,True,False,False,False,True,False,False,True,False,False,True,0
7200,0.0,120.0,360.0,1.0,4.787491742782046,True,False,True,False,True,False,False,False,True,False,True,False,True,False,False,1
1928,1644.0,100.0,360.0,1.0,4.605170185988092,True,False,False,True,True,False,False,False,False,True,True,False,False,True,False,1
6400,0.0,200.0,360.0,1.0,5.298317366548036,False,True,True,False,True,False,False,False,True,False,False,True,True,False,False,1
3667,1459.0,144.0,360.0,1.0,4.969813299576001,True,False,False,True,True,False,False,False,True,False,True,False,False,True,False,1
9538,0.0,187.0,360.0,1.0,5.231108616854587,False,True,False,True,False,True,False,False,True,False,True,False,False,False,True,1
3463,0.0,122.0,360.0,1.0,4.804021044733257,True,False,True,False,True,False,False,False,True,False,False,True,False,False,True,1
4750,0.0,94.0,360.0,1.0,4.543294782270004,False,True,True,False,True,False,False,False,True,False,True,False,False,True,False,1
3497,1964.0,116.0,360.0,1.0,4.7535901911063645,False,True,False,True,True,False,False,False,True,False,True,False,True,False,False,1
3466,3428.0,150.0,360.0,1.0,5.010635294096256,False,True,False,True,False,False,False,True,True,False,True,False,True,False,False,1
20833,6667.0,480.0,360.0,1.0,6.173786103901937,False,True,False,True,True,False,False,False,True,False,True,False,False,False,True,1
4191,0.0,120.0,360.0,1.0,4.787491742782046,False,True,True,False,True,False,False,False,True,False,True,False,True,False,False,1
3074,1800.0,123.0,360.0,0.0,4.812184355372417,False,True,False,True,True,False,False,False,False,True,True,False,False,True,False,0
5503,4490.0,70.0,360.0,1.0,4.248495242049359,False,True,False,True,True,False,False,False,True,False,False,True,False,True,False,1
9357,0.0,292.0,360.0,1.0,5.676753802268282,False,True,True,False,False,False,False,True,True,False,False,True,False,True,False,1
7948,7166.0,480.0,360.0,1.0,6.173786103901937,False,True,False,True,False,False,True,False,True,False,False,True,True,False,False,1
10750,0.0,312.0,360.0,1.0,5.7430031878094825,False,True,False,True,False,True,False,False,True,False,True,False,False,False,True,1
2500,0.0,67.0,360.0,1.0,4.204692619390966,True,False,True,False,True,False,False,False,True,False,True,False,False,False,True,1
2237,0.0,63.0,480.0,0.0,4.143134726391533,False,True,True,False,True,False,False,False,True,False,True,False,False,True,False,0
9833,1833.0,182.0,180.0,1.0,5.204006687076795,False,True,False,True,False,True,False,False,True,False,False,True,False,False,True,1
3089,1280.0,121.0,360.0,0.0,4.795790545596741,False,True,False,True,False,True,False,False,True,False,True,False,False,True,False,0
7667,0.0,185.0,360.0,1.0,5.220355825078324,False,True,False,True,False,False,True,False,False,True,True,False,True,False,False,1
3858,0.0,76.0,360.0,1.0,4.330733340286331,False,True,True,False,True,False,False,False,True,False,True,False,False,True,False,1
9166,0.0,244.0,360.0,1.0,5.497168225293202,False,True,True,False,True,False,False,False,True,False,True,False,False,False,True,0
3875,0.0,67.0,360.0,1.0,4.204692619390966,False,True,False,True,False,True,False,False,True,False,True,False,False,False,True,0
7333,8333.0,175.0,300.0,1.0,5.1647859739235145,False,True,False,True,True,False,False,False,True,False,True,False,True,False,False,1
3159,0.0,100.0,360.0,1.0,4.605170185988092,True,False,True,False,True,False,False,False,True,False,True,False,False,True,False,1
4281,0.0,100.0,360.0,1.0,4.605170185988092,False,True,False,True,False,False,False,True,True,False,True,False,False,False,True,1
4652,3583.0,128.0,360.0,1.0,4.852030263919617,False,True,False,True,True,False,False,False,True,False,True,False,False,True,False,1
7441,0.0,194.0,360.0,1.0,5.267858159063328,True,False,True,False,True,False,False,False,True,False,False,True,True,False,False,0
5266,1774.0,187.0,360.0,1.0,5.231108616854587,False,True,False,True,False,False,False,True,True,False,False,True,False,True,False,1
1926,1851.0,50.0,360.0,1.0,3.912023005428146,False,True,True,False,True,False,False,False,True,False,True,False,False,True,False,1
6000,0.0,205.0,240.0,1.0,5.3230099791384085,False,True,False,True,False,False,True,False,True,False,False,True,False,True,False,0
10408,0.0,259.0,360.0,1.0,5.556828061699537,True,False,True,False,True,False,False,False,True,False,True,False,False,False,True,1
2889,0.0,45.0,180.0,0.0,3.80666248977032,False,True,False,True,False,False,True,False,False,True,True,False,False,False,True,0
7250,1667.0,110.0,360.0,0.0,4.700480365792417,False,True,False,True,False,True,False,False,True,False,True,False,False,False,True,0
4625,2857.0,111.0,12.0,1.0,4.709530201312334,False,True,False,True,True,False,False,False,True,False,True,False,False,False,True,1
3975,2531.0,55.0,360.0,1.0,4.007333185232471,False,True,True,False,True,False,False,False,False,True,True,False,True,False,False,1
2583,2330.0,125.0,360.0,1.0,4.8283137373023015,False,True,False,True,False,False,True,False,True,False,True,False,True,False,False,1
6822,0.0,141.0,360.0,1.0,4.948759890378168,False,True,True,False,True,False,False,False,True,False,False,True,True,False,False,1
2666,2083.0,95.0,360.0,1.0,4.553876891600541,False,True,False,True,False,False,False,True,True,False,True,False,True,False,False,1
4680,2087.0,128.0,360.0,1.0,4.852030263919617,False,True,True,False,True,False,False,False,True,False,True,False,False,True,False,0
4006,1526.0,168.0,360.0,1.0,5.123963979403259,False,True,False,True,False,False,True,False,True,False,True,False,False,False,True,1
9167,0.0,185.0,360.0,1.0,5.220355825078324,False,True,True,False,False,False,False,True,True,False,True,False,True,False,False,1
1828,1330.0,100.0,360.0,0.0,4.605170185988092,False,True,False,True,True,False,False,False,True,False,True,False,False,False,True,0
4200,1430.0,129.0,360.0,1.0,4.859812404361672,False,True,False,True,False,False,True,False,False,True,True,False,True,False,False,0
2661,7101.0,279.0,180.0,1.0,5.631211781821365,False,True,False,True,False,True,False,False,False,True,True,False,False,True,False,1
1625,1803.0,96.0,360.0,1.0,4.564348191467836,False,True,False,True,False,True,False,False,True,False,True,False,False,False,True,1
1963,0.0,53.0,360.0,1.0,3.970291913552122,True,False,True,False,True,False,False,False,False,True,True,False,False,True,False,1
3357,2859.0,144.0,360.0,1.0,4.969813299576001,False,True,False,True,False,False,True,False,False,True,True,False,False,False,True,1
2929,2333.0,139.0,360.0,1.0,4.934473933130692,True,False,False,True,True,False,False,False,True,False,True,False,False,True,False,1
6216,0.0,133.0,360.0,1.0,4.890349128221754,False,True,True,False,True,False,False,False,False,True,True,False,True,False,False,0
4817,923.0,120.0,180.0,1.0,4.787491742782046,False,True,False,True,True,False,False,False,True,False,True,False,False,False,True,1
5800,0.0,132.0,360.0,1.0,4.882801922586371,False,True,True,False,True,False,False,False,False,True,False,True,False,True,False,1
3481,0.0,155.0,36.0,1.0,5.043425116919247,True,False,True,False,False,True,False,False,True,False,True,False,False,True,False,0
2297,1522.0,104.0,360.0,1.0,4.6443908991413725,False,True,False,True,True,False,False,False,True,False,True,False,False,False,True,1
4666,0.0,135.0,360.0,1.0,4.90527477843843,True,False,False,True,False,True,False,False,True,False,True,False,False,False,True,1
6277,0.0,118.0,360.0,0.0,4.770684624465665,False,True,True,False,True,False,False,False,True,False,True,False,True,False,False,0
4708,1387.0,150.0,360.0,1.0,5.010635294096256,False,True,False,True,False,False,True,False,True,False,True,False,False,True,False,1
1025,5500.0,216.0,360.0,1.0,5.375278407684165,False,True,False,True,True,False,False,False,True,False,True,False,True,False,False,1
3652,0.0,95.0,360.0,1.0,4.553876891600541,True,False,True,False,False,True,False,False,True,False,True,False,False,True,False,1
4166,7210.0,184.0,360.0,1.0,5.214935757608986,False,True,True,False,True,False,False,False,True,False,True,False,False,False,True,1
3539,1376.0,55.0,360.0,1.0,4.007333185232471,False,True,False,True,True,False,False,False,True,False,True,False,True,False,False,0
2400,1863.0,104.0,360.0,0.0,4.6443908991413725,True,False,True,False,True,False,False,False,True,False,True,False,False,False,True,0
3416,2816.0,113.0,360.0,1.0,4.727387818712341,True,False,False,True,True,False,False,False,True,False,True,False,False,True,False,1
4350,0.0,154.0,360.0,1.0,5.0369526024136295,True,False,True,False,True,False,False,False,False,True,True,False,True,False,False,1
5124,0.0,124.0,360.0,0.0,4.820281565605037,False,True,True,False,True,False,False,False,True,False,True,False,True,False,False,0
14866,0.0,70.0,360.0,1.0,4.248495242049359,True,False,False,True,False,False,True,False,True,False,True,False,False,False,True,1
3547,0.0,80.0,360.0,0.0,4.382026634673881,False,True,True,False,False,False,True,False,True,False,True,False,True,False,False,0
3017,663.0,102.0,360.0,1.0,4.624972813284271,True,False,False,True,True,False,False,False,False,True,True,False,False,True,False,1
1538,1425.0,30.0,360.0,1.0,3.4011973816621555,False,True,False,True,False,True,False,False,True,False,True,False,False,False,True,1
3750,0.0,100.0,360.0,1.0,4.605170185988092,False,True,True,False,True,False,False,False,True,False,True,False,False,False,True,1
6333,4583.0,259.0,360.0,1.0,5.556828061699537,False,True,False,True,True,False,False,False,True,False,True,False,False,True,False,1
8666,4983.0,376.0,360.0,0.0,5.929589143389895,False,True,False,True,False,True,False,False,True,False,False,True,True,False,False,0
4547,0.0,115.0,360.0,1.0,4.74493212836325,True,False,True,False,True,False,False,False,True,False,True,False,False,True,False,1
2957,0.0,81.0,360.0,1.0,4.394449154672439,False,True,False,True,False,False,True,False,True,False,True,False,False,True,False,1
2031,1632.0,113.0,480.0,1.0,4.727387818712341,True,False,False,True,False,False,True,False,True,False,True,False,False,True,False,1
2484,2302.0,137.0,360.0,1.0,4.919980925828125,True,False,False,True,True,False,False,False,True,False,True,False,False,True,False,1
2698,2034.0,122.0,360.0,1.0,4.804021044733257,False,True,False,True,True,False,False,False,True,False,True,False,False,True,False,1
3315,0.0,96.0,360.0,1.0,4.564348191467836,False,True,False,True,False,True,False,False,True,False,True,False,False,True,False,1
3593,4266.0,132.0,180.0,0.0,4.882801922586371,False,True,False,True,True,False,False,False,True,False,True,False,True,False,False,0
1977,997.0,50.0,360.0,1.0,3.912023005428146,False,True,False,True,True,False,False,False,True,False,True,False,False,True,False,1
5185,0.0,155.0,360.0,1.0,5.043425116919247,False,True,False,True,False,False,True,False,True,False,True,False,False,True,False,1
15000,0.0,300.0,360.0,1.0,5.703782474656201,False,True,False,True,False,False,False,True,True,False,True,False,True,False,False,1
4100,0.0,124.0,360.0,1.0,4.820281565605037,True,False,False,True,True,False,False,False,False,True,True,False,True,False,False,1
5417,0.0,143.0,480.0,0.0,4.962844630259907,True,False,True,False,True,False,False,False,True,False,True,False,False,False,True,0
17263,0.0,225.0,360.0,1.0,5.41610040220442,True,False,True,False,True,False,False,False,False,True,False,True,False,True,False,1
2137,8980.0,137.0,360.0,0.0,4.919980925828125,True,False,True,False,True,False,False,False,True,False,True,False,False,True,False,1
33846,0.0,260.0,360.0,1.0,5.560681631015528,False,True,False,True,False,True,False,False,True,False,True,False,False,True,False,0
3992,0.0,128.0,180.0,1.0,4.852030263919617,False,True,False,True,False,False,False,True,False,True,True,False,False,False,True,0
3166,2985.0,132.0,360.0,1.0,4.882801922586371,True,False,True,False,True,False,False,False,True,False,True,False,True,False,False,1
9703,0.0,112.0,360.0,1.0,4.718498871295094,False,True,False,True,False,False,True,False,True,False,True,False,False,False,True,1
12876,0.0,405.0,360.0,1.0,6.003887067106539,False,True,True,False,True,False,False,False,True,False,True,False,False,True,False,1
5829,0.0,138.0,360.0,1.0,4.927253685157205,False,True,False,True,True,False,False,False,True,False,True,False,True,False,False,1
3597,2157.0,119.0,360.0,0.0,4.77912349311153,False,True,False,True,True,False,False,False,True,False,True,False,True,False,False,0
14880,0.0,96.0,360.0,1.0,4.564348191467836,False,True,False,True,True,False,False,False,True,False,True,False,False,True,False,1
2138,0.0,99.0,360.0,0.0,4.59511985013459,True,False,True,False,True,False,False,False,True,False,True,False,False,True,False,0
2500,20000.0,103.0,360.0,1.0,4.634728988229636,False,True,True,False,True,False,False,False,True,False,True,False,False,True,False,1
3692,0.0,93.0,360.0,1.0,4.532599493153256,True,False,True,False,True,False,False,False,True,False,True,False,True,False,False,1
3358,0.0,80.0,36.0,1.0,4.382026634673881,False,True,True,False,True,False,False,False,False,True,True,False,False,True,False,0
19484,0.0,600.0,360.0,1.0,6.396929655216146,True,False,False,True,False,True,False,False,True,False,False,True,False,True,False,1
7578,1010.0,175.0,360.0,1.0,5.1647859739235145,False,True,False,True,True,False,False,False,True,False,True,False,False,True,False,1
4554,1229.0,158.0,360.0,1.0,5.062595033026967,False,True,False,True,False,True,False,False,False,True,True,False,False,False,True,1
4616,0.0,134.0,360.0,1.0,4.897839799950911,False,True,False,True,False,False,True,False,True,False,True,False,False,False,True,0
4283,2383.0,127.0,360.0,1.0,4.844187086458591,True,False,False,True,False,False,True,False,True,False,True,False,False,True,False,1
6080,2569.0,182.0,360.0,1.0,5.204006687076795,False,True,False,True,True,False,False,False,True,False,True,False,True,False,False,0
5468,1032.0,26.0,360.0,1.0,3.258096538021482,False,True,False,True,False,True,False,False,True,False,True,False,False,True,False,1
2213,0.0,66.0,360.0,1.0,4.189654742026425,True,False,True,False,True,False,False,False,False,True,True,False,True,False,False,1
5191,0.0,132.0,360.0,1.0,4.882801922586371,True,False,True,False,False,True,False,False,False,True,True,False,False,True,False,1
10139,0.0,260.0,360.0,1.0,5.560681631015528,False,True,False,True,False,False,False,True,True,False,False,True,False,True,False,1
81000,0.0,360.0,360.0,0.0,5.886104031450156,False,True,False,True,False,False,False,True,True,False,True,False,True,False,False,0
645,3683.0,113.0,480.0,1.0,4.727387818712341,True,False,True,False,True,False,False,False,True,False,True,False,True,False,False,1
2600,0.0,160.0,360.0,1.0,5.075173815233827,True,False,True,False,False,True,False,False,True,False,True,False,False,False,True,0
2346,1600.0,132.0,360.0,1.0,4.882801922586371,False,True,True,False,True,False,False,False,False,True,True,False,False,True,False,1
16120,0.0,260.0,360.0,1.0,5.560681631015528,False,True,False,True,True,False,False,False,True,False,False,True,False,False,True,1
2383,3334.0,172.0,360.0,1.0,5.147494476813453,False,True,False,True,True,False,False,False,True,False,True,False,False,True,False,1
4333,1811.0,160.0,360.0,0.0,5.075173815233827,False,True,False,True,False,False,False,True,True,False,True,False,False,False,True,1
2873,1872.0,132.0,360.0,0.0,4.882801922586371,False,True,False,True,False,False,True,False,True,False,True,False,False,True,False,0
2717,0.0,60.0,180.0,1.0,4.0943445622221,False,True,True,False,True,False,False,False,False,True,True,False,False,False,True,1
3572,4114.0,152.0,360.0,0.0,5.0238805208462765,False,True,False,True,True,False,False,False,False,True,True,False,True,False,False,0
2333,1451.0,102.0,480.0,0.0,4.624972813284271,False,True,True,False,True,False,False,False,False,True,True,False,False,False,True,0
7583,0.0,187.0,360.0,1.0,5.231108616854587,False,True,False,True,False,False,True,False,True,False,True,False,False,False,True,1
3333,3250.0,158.0,360.0,1.0,5.062595033026967,False,True,False,True,False,True,False,False,True,False,True,False,False,False,True,1
6000,0.0,140.0,360.0,1.0,4.941642422609304,False,True,True,False,True,False,False,False,True,False,True,False,True,False,False,1
3062,1987.0,111.0,180.0,0.0,4.709530201312334,False,True,True,False,False,True,False,False,True,False,True,False,False,False,True,0
2473,1843.0,159.0,360.0,1.0,5.068904202220232,False,True,False,True,True,False,False,False,True,False,True,False,True,False,False,0
2577,3750.0,152.0,360.0,1.0,5.0238805208462765,False,True,False,True,True,False,False,False,True,False,False,True,True,False,False,1
3583,0.0,96.0,360.0,1.0,4.564348191467836,False,True,True,False,True,False,False,False,True,False,True,False,False,False,True,0
8333,0.0,280.0,360.0,1.0,5.634789603169249,True,False,True,False,True,False,False,False,True,False,True,False,False,True,False,1
3762,1666.0,135.0,360.0,1.0,4.90527477843843,True,False,True,False,True,False,False,False,True,False,True,False,True,False,False,1
7901,1833.0,180.0,360.0,1.0,5.19295685089021,False,True,False,True,True,False,False,False,True,False,True,False,True,False,False,1
9323,0.0,75.0,180.0,1.0,4.31748811353631,False,True,False,True,True,False,False,False,True,False,True,False,False,False,True,1
2058,2134.0,88.0,360.0,1.0,4.477336814478207,False,True,False,True,True,False,False,False,True,False,True,False,False,False,True,1
4583,0.0,84.0,360.0,1.0,4.430816798843313,True,False,False,True,True,False,False,False,True,False,True,False,True,False,False,0
3867,0.0,62.0,360.0,1.0,4.127134385045092,True,False,True,False,False,True,False,False,False,True,False,True,False,True,False,0
1907,2365.0,120.0,360.0,1.0,4.787491742782046,True,False,True,False,True,False,False,False,False,True,True,False,False,False,True,1
6383,1000.0,187.0,360.0,1.0,5.231108616854587,False,True,False,True,False,False,True,False,False,True,False,True,True,False,False,0
14683,2100.0,304.0,360.0,1.0,5.717027701406222,False,True,False,True,True,False,False,False,True,False,True,False,True,False,False,0
3189,2598.0,120.0,360.0,1.0,4.787491742782046,False,True,True,False,True,False,False,False,False,True,True,False,True,False,False,1
14583,0.0,185.0,180.0,1.0,5.220355825078324,False,True,False,True,False,True,False,False,True,False,True,False,True,False,False,1
5667,2667.0,180.0,360.0,1.0,5.19295685089021,False,True,False,True,True,False,False,False,True,False,True,False,True,False,False,1
2699,2785.0,96.0,360.0,1.0,4.564348191467836,False,True,True,False,True,False,False,False,False,True,True,False,False,True,False,1
8750,4996.0,130.0,360.0,1.0,4.867534450455582,False,True,False,True,False,False,False,True,True,False,True,False,True,False,False,1
4566,0.0,100.0,360.0,1.0,4.605170185988092,False,True,False,True,False,False,True,False,True,False,True,False,False,False,True,0
6250,0.0,128.0,360.0,1.0,4.852030263919617,False,True,False,True,True,False,False,False,True,False,True,False,False,True,False,1
1836,33837.0,90.0,360.0,1.0,4.499809670330265,False,True,True,False,True,False,False,False,True,False,True,False,False,False,True,0
4691,0.0,100.0,360.0,1.0,4.605170185988092,False,True,False,True,False,False,False,True,True,False,True,False,False,True,False,1
3083,2168.0,126.0,360.0,1.0,4.836281906951478,False,True,False,True,False,False,True,False,False,True,True,False,False,False,True,1
3865,1640.0,128.0,360.0,1.0,4.852030263919617,False,True,True,False,True,False,False,False,True,False,True,False,True,False,False,1
12000,0.0,496.0,360.0,1.0,6.206575926724928,True,False,False,True,False,True,False,False,True,False,True,False,False,True,False,1
3466,1210.0,130.0,360.0,1.0,4.867534450455582,False,True,False,True,False,True,False,False,True,False,False,True,True,False,False,1
3158,3053.0,89.0,360.0,1.0,4.48863636973214,False,True,True,False,True,False,False,False,True,False,True,False,True,False,False,1
4467,0.0,120.0,360.0,1.0,4.787491742782046,False,True,False,True,True,False,False,False,False,True,True,False,True,False,False,1
3941,2336.0,134.0,360.0,1.0,4.897839799950911,False,True,False,True,True,False,False,False,True,False,True,False,False,True,False,1
7333,0.0,120.0,360.0,1.0,4.787491742782046,False,True,True,False,True,False,False,False,False,True,True,False,True,False,False,0
4683,1915.0,185.0,360.0,1.0,5.220355825078324,False,True,True,False,True,False,False,False,True,False,True,False,False,True,False,0
10833,0.0,234.0,360.0,1.0,5.455321115357702,False,True,False,True,True,False,False,False,True,False,True,False,False,True,False,1
3459,0.0,25.0,120.0,1.0,3.218875824868201,False,True,False,True,True,False,False,False,True,False,False,True,False,True,False,1
3660,5064.0,187.0,360.0,1.0,5.231108616854587,False,True,True,False,True,False,False,False,True,False,True,False,False,True,False,1
6065,2004.0,250.0,360.0,1.0,5.521460917862246,False,True,False,True,False,True,False,False,True,False,True,False,False,True,False,1
4695,0.0,96.0,360.0,1.0,4.564348191467836,False,True,False,True,True,False,False,False,False,True,False,True,False,False,True,1
8000,0.0,200.0,360.0,1.0,5.298317366548036,False,True,False,True,False,False,True,False,True,False,True,False,False,True,False,1
5726,4595.0,258.0,360.0,1.0,5.552959584921617,False,True,False,True,True,False,False,False,True,False,True,False,False,True,False,0
1811,1666.0,54.0,360.0,1.0,3.9889840465642745,True,False,True,False,True,False,False,False,True,False,True,False,False,False,True,1
2366,2531.0,136.0,360.0,1.0,4.912654885736052,False,True,True,False,True,False,False,False,True,False,True,False,False,True,False,1
2965,5701.0,155.0,60.0,1.0,5.043425116919247,False,True,True,False,True,False,False,False,True,False,True,False,False,False,True,1
2178,0.0,66.0,300.0,0.0,4.189654742026425,False,True,False,True,False,True,False,False,True,False,False,True,True,False,False,0
4917,0.0,130.0,360.0,0.0,4.867534450455582,False,True,True,False,True,False,False,False,True,False,True,False,True,False,False,1
4583,5625.0,255.0,360.0,1.0,5.541263545158426,False,True,False,True,True,False,False,False,True,False,True,False,False,True,False,1
3073,8106.0,200.0,360.0,1.0,5.298317366548036,False,True,False,True,False,False,True,False,True,False,True,False,False,False,True,1
2275,2067.0,128.0,360.0,1.0,4.852030263919617,False,True,False,True,True,False,False,False,True,False,True,False,False,False,True,1
1442,0.0,35.0,360.0,1.0,3.555348061489413,False,True,True,False,True,False,False,False,False,True,True,False,False,False,True,0
1820,1769.0,95.0,360.0,1.0,4.553876891600541,False,True,False,True,True,False,False,False,False,True,True,False,True,False,False,1
6950,0.0,175.0,180.0,1.0,5.1647859739235145,False,True,True,False,True,False,False,False,True,False,False,True,False,True,False,1
5746,0.0,255.0,360.0,1.0,5.541263545158426,False,True,False,True,True,False,False,False,True,False,True,False,False,False,True,0
2947,1603.0,128.0,360.0,1.0,4.852030263919617,False,True,False,True,False,False,True,False,True,False,True,False,False,False,True,0
3283,2035.0,148.0,360.0,1.0,4.997212273764115,False,True,False,True,False,False,True,False,True,False,True,False,False,False,True,1
4009,1717.0,116.0,360.0,1.0,4.7535901911063645,False,True,False,True,False,False,True,False,True,False,True,False,False,True,False,1
2667,1625.0,84.0,360.0,1.0,4.430816798843313,True,False,True,False,True,False,False,False,True,False,True,False,False,False,True,1
6782,0.0,128.0,360.0,1.0,4.852030263919617,False,True,True,False,True,False,False,False,True,False,True,False,False,False,True,0
3086,0.0,120.0,360.0,1.0,4.787491742782046,True,False,True,False,True,False,False,False,True,False,True,False,False,True,False,1
5819,5000.0,120.0,360.0,1.0,4.787491742782046,False,True,False,True,False,False,True,False,True,False,True,False,True,False,False,1
3588,0.0,110.0,360.0,0.0,4.700480365792417,False,True,True,False,False,False,True,False,True,False,True,False,True,False,False,0
8750,4167.0,308.0,360.0,1.0,5.730099782973574,False,True,True,False,True,False,False,False,True,False,True,False,True,False,False,0
2679,1302.0,94.0,360.0,1.0,4.543294782270004,False,True,True,False,False,True,False,False,False,True,True,False,False,True,False,1
3750,0.0,116.0,360.0,1.0,4.7535901911063645,False,True,False,True,False,True,False,False,True,False,True,False,False,True,False,1
2083,4083.0,160.0,360.0,1.0,5.075173815233827,False,True,False,True,True,False,False,False,True,False,False,True,False,True,False,1
2917,536.0,66.0,360.0,1.0,4.189654742026425,False,True,False,True,True,False,False,False,False,True,True,False,True,False,False,0
1800,1213.0,47.0,360.0,1.0,3.8501476017100575,False,True,True,False,True,False,False,False,True,False,True,False,False,False,True,1
3400,2500.0,123.0,360.0,0.0,4.812184355372417,False,True,False,True,False,False,False,True,True,False,True,False,True,False,False,0
18165,0.0,125.0,360.0,1.0,4.8283137373023015,True,False,True,False,True,False,False,False,False,True,False,True,False,False,True,1
3244,0.0,80.0,360.0,1.0,4.382026634673881,True,False,True,False,True,False,False,False,True,False,True,False,False,False,True,1
2583,2115.0,120.0,360.0,1.0,4.787491742782046,False,True,False,True,True,False,False,False,True,False,True,False,False,False,True,1
2301,985.7999878,78.0,180.0,1.0,4.356708826689592,False,True,False,True,False,False,True,False,True,False,True,False,False,False,True,1
3000,1666.0,100.0,480.0,0.0,4.605170185988092,False,True,False,True,True,False,False,False,False,True,True,False,False,False,True,0
3033,1459.0,95.0,360.0,1.0,4.553876891600541,False,True,False,True,True,False,False,False,True,False,True,False,False,False,True,1
16250,0.0,192.0,360.0,0.0,5.2574953720277815,False,True,True,False,True,False,False,False,True,False,False,True,False,False,True,0
3727,1775.0,131.0,360.0,1.0,4.875197323201151,False,True,False,True,True,False,False,False,True,False,True,False,False,True,False,1
6000,0.0,141.0,360.0,1.0,4.948759890378168,False,True,True,False,True,False,False,False,True,False,True,False,False,False,True,1
6045,0.0,115.0,360.0,0.0,4.74493212836325,False,True,True,False,True,False,False,False,False,True,True,False,True,False,False,0
3087,2210.0,136.0,360.0,0.0,4.912654885736052,False,True,False,True,True,False,False,False,True,False,True,False,False,True,False,0
2768,1950.0,155.0,360.0,1.0,5.043425116919247,False,True,False,True,True,False,False,False,True,False,True,False,True,False,False,1
8624,0.0,150.0,360.0,1.0,5.010635294096256,True,False,True,False,False,True,False,False,True,False,False,True,False,True,False,1
4288,3263.0,133.0,180.0,1.0,4.890349128221754,False,True,False,True,False,False,True,False,False,True,True,False,False,False,True,1
4735,0.0,138.0,360.0,1.0,4.927253685157205,False,True,False,True,True,False,False,False,False,True,False,True,False,False,True,0
3340,1710.0,150.0,360.0,0.0,5.010635294096256,False,True,False,True,False,False,True,False,True,False,True,False,True,False,False,0
4180,2306.0,182.0,360.0,1.0,5.204006687076795,True,False,False,True,True,False,False,False,True,False,True,False,False,True,False,1
4283,3000.0,172.0,84.0,1.0,5.147494476813453,False,True,False,True,False,True,False,False,True,False,True,False,True,False,False,0
5703,0.0,130.0,360.0,1.0,4.867534450455582,False,True,False,True,False,False,False,True,False,True,False,True,True,False,False,1
5167,3167.0,200.0,360.0,1.0,5.298317366548036,False,True,False,True,False,False,False,True,True,False,True,False,False,True,False,1
51763,0.0,700.0,300.0,1.0,6.551080335043404,False,True,False,True,False,False,False,True,True,False,True,False,False,False,True,1
4188,0.0,115.0,180.0,1.0,4.74493212836325,False,True,False,True,True,False,False,False,False,True,True,False,False,True,False,1
3153,1560.0,134.0,360.0,1.0,4.897839799950911,False,True,False,True,False,False,True,False,True,False,True,False,False,False,True,1
3850,983.0,100.0,360.0,1.0,4.605170185988092,False,True,False,True,False,False,False,True,False,True,True,False,False,True,False,1
3029,0.0,99.0,360.0,1.0,4.59511985013459,False,True,False,True,False,False,False,True,True,False,True,False,False,False,True,1
2167,2400.0,115.0,360.0,1.0,4.74493212836325,False,True,False,True,True,False,False,False,False,True,True,False,False,False,True,1
4865,5624.0,208.0,360.0,1.0,5.337538079701318,False,True,False,True,False,False,True,False,True,False,True,False,False,True,False,1
5821,0.0,144.0,360.0,1.0,4.969813299576001,False,True,False,True,True,False,False,False,True,False,True,False,False,False,True,1
4692,0.0,106.0,360.0,1.0,4.663439094112067,False,True,True,False,False,True,False,False,True,False,False,True,True,False,False,0
2600,2500.0,90.0,360.0,1.0,4.499809670330265,False,True,False,True,False,True,False,False,False,True,True,False,False,True,False,1
4895,0.0,102.0,360.0,1.0,4.624972813284271,False,True,True,False,True,False,False,False,True,False,True,False,False,True,False,1
4226,1040.0,110.0,360.0,1.0,4.700480365792417,False,True,False,True,False,False,True,False,False,True,True,False,False,False,True,1
6133,3906.0,324.0,360.0,1.0,5.780743515792329,False,True,False,True,True,False,False,False,True,False,True,False,False,False,True,1
2491,2054.0,104.0,360.0,1.0,4.6443908991413725,False,True,False,True,False,True,False,False,True,False,True,False,False,True,False,1
2435,0.0,75.0,360.0,1.0,4.31748811353631,False,True,True,False,True,False,False,False,True,False,True,False,False,False,True,0
3069,0.0,71.0,480.0,1.0,4.262679877041316,False,True,True,False,True,False,False,False,True,False,True,False,False,False,True,0
4124,0.0,115.0,360.0,1.0,4.74493212836325,True,False,True,False,True,False,False,False,True,False,True,False,False,True,False,1
1025,2773.0,112.0,360.0,1.0,4.718498871295094,False,True,False,True,True,False,False,False,True,False,True,False,True,False,False,1
9504,0.0,275.0,360.0,1.0,5.616771097666572,False,True,False,True,False,False,False,True,True,False,True,False,True,False,False,1
2895,0.0,95.0,360.0,1.0,4.553876891600541,False,True,False,True,False,True,False,False,True,False,False,True,False,True,False,1
14999,0.0,242.0,360.0,0.0,5.488937726156687,False,True,True,False,True,False,False,False,True,False,True,False,False,True,False,0
2609,3449.0,165.0,180.0,0.0,5.10594547390058,False,True,False,True,True,False,False,False,False,True,False,True,True,False,False,0
2653,1500.0,113.0,180.0,0.0,4.727387818712341,False,True,False,True,False,True,False,False,False,True,True,False,True,False,False,0
10513,3850.0,160.0,180.0,0.0,5.075173815233827,False,True,False,True,False,True,False,False,True,False,False,True,False,False,True,0
2987,0.0,88.0,360.0,0.0,4.477336814478207,False,True,True,False,True,False,False,False,True,False,True,False,False,True,False,0
2192,1742.0,45.0,360.0,1.0,3.80666248977032,False,True,False,True,False,False,True,False,False,True,True,False,False,True,False,1
4166,0.0,116.0,360.0,0.0,4.7535901911063645,True,False,True,False,True,False,False,False,True,False,True,False,False,True,False,0
1299,1086.0,17.0,120.0,1.0,2.833213344056216,False,True,False,True,False,False,True,False,True,False,True,False,False,False,True,1
6000,0.0,160.0,360.0,1.0,5.075173815233827,False,True,False,True,False,True,False,False,True,False,True,False,True,False,False,1
3600,0.0,80.0,360.0,1.0,4.382026634673881,False,True,True,False,True,False,False,False,True,False,True,False,False,False,True,0
3691,0.0,110.0,360.0,1.0,4.700480365792417,False,True,True,False,True,False,False,False,False,True,True,False,True,False,False,1
5391,0.0,130.0,360.0,1.0,4.867534450455582,False,True,False,True,False,False,True,False,True,False,True,False,False,False,True,1
2383,2138.0,58.0,360.0,1.0,4.060443010546419,False,True,False,True,True,False,False,False,True,False,True,False,True,False,False,1
150,1800.0,135.0,360.0,1.0,4.90527477843843,False,True,False,True,True,False,False,False,True,False,True,False,True,False,False,0
4230,0.0,112.0,360.0,1.0,4.718498871295094,True,False,True,False,True,False,False,False,True,False,True,False,False,True,False,0
2500,4600.0,176.0,360.0,1.0,5.170483995038151,False,True,False,True,False,False,True,False,True,False,False,True,True,False,False,1
4416,1250.0,110.0,360.0,1.0,4.700480365792417,False,True,False,True,False,False,False,True,True,False,True,False,False,False,True,1
3427,0.0,138.0,360.0,1.0,4.927253685157205,True,False,True,False,False,False,True,False,True,False,True,False,False,False,True,0
7740,0.0,128.0,180.0,1.0,4.852030263919617,False,True,False,True,False,False,False,True,True,False,True,False,False,False,True,1
3859,0.0,96.0,360.0,1.0,4.564348191467836,False,True,False,True,False,False,True,False,True,False,True,False,False,True,False,1
8072,240.0,253.0,360.0,1.0,5.53338948872752,False,True,False,True,False,True,False,False,True,False,True,False,False,False,True,1
2876,1560.0,90.0,360.0,1.0,4.499809670330265,True,False,True,False,False,True,False,False,True,False,True,False,False,False,True,1
4923,0.0,166.0,360.0,0.0,5.111987788356544,False,True,True,False,False,False,True,False,True,False,True,False,False,True,False,1
7933,0.0,275.0,360.0,1.0,5.616771097666572,False,True,False,True,True,False,False,False,True,False,True,False,False,False,True,0
2755,0.0,65.0,300.0,1.0,4.174387269895637,False,True,True,False,True,False,False,False,False,True,True,False,True,False,False,0
6700,1750.0,230.0,300.0,1.0,5.438079308923196,False,True,False,True,False,False,True,False,True,False,True,False,False,True,False,1
3052,1030.0,100.0,360.0,1.0,4.605170185988092,False,True,False,True,False,True,False,False,True,False,True,False,False,False,True,1
5488,0.0,125.0,360.0,1.0,4.8283137373023015,False,True,False,True,True,False,False,False,True,False,True,False,True,False,False,1
4583,1508.0,128.0,360.0,1.0,4.852030263919617,False,True,False,True,False,True,False,False,True,False,True,False,True,False,False,0
5116,1451.0,165.0,360.0,0.0,5.10594547390058,False,True,False,True,True,False,False,False,True,False,True,False,False,False,True,0
3846,0.0,111.0,360.0,1.0,4.709530201312334,True,False,True,False,True,False,False,False,True,False,True,False,False,True,False,1
4408,0.0,120.0,360.0,1.0,4.787491742782046,True,False,True,False,True,False,False,False,False,True,True,False,False,True,False,1
12500,3000.0,320.0,360.0,1.0,5.768320995793772,False,True,True,False,False,False,False,True,True,False,True,False,True,False,False,0
2479,3013.0,188.0,360.0,1.0,5.236441962829949,False,True,False,True,True,False,False,False,True,False,False,True,False,False,True,1
5935,0.0,133.0,360.0,1.0,4.890349128221754,False,True,False,True,False,False,True,False,True,False,True,False,False,True,False,1
7085,0.0,84.0,360.0,1.0,4.430816798843313,False,True,True,False,True,False,False,False,True,False,False,True,False,True,False,1
2500,0.0,96.0,480.0,1.0,4.564348191467836,False,True,True,False,True,False,False,False,True,False,True,False,False,True,False,0
6250,5654.0,188.0,180.0,1.0,5.236441962829949,False,True,False,True,False,False,True,False,True,False,True,False,False,True,False,1
4160,0.0,71.0,360.0,1.0,4.262679877041316,True,False,True,False,True,False,False,False,True,False,True,False,False,True,False,1
8799,0.0,258.0,360.0,0.0,5.552959584921617,False,True,False,True,False,False,True,False,True,False,True,False,False,False,True,0
2499,2458.0,160.0,360.0,1.0,5.075173815233827,False,True,False,True,True,False,False,False,True,False,True,False,False,True,False,1
2510,1983.0,140.0,180.0,1.0,4.941642422609304,False,True,False,True,False,True,False,False,False,True,True,False,False,False,True,0
1853,2840.0,114.0,360.0,1.0,4.736198448394496,False,True,True,False,True,False,False,False,True,False,True,False,True,False,False,0
3399,1640.0,111.0,180.0,1.0,4.709530201312334,False,True,False,True,False,True,False,False,False,True,True,False,False,False,True,1
3010,3136.0,128.0,360.0,0.0,4.852030263919617,False,True,False,True,True,False,False,False,False,True,True,False,False,False,True,0
2620,2223.0,150.0,360.0,1.0,5.010635294096256,False,True,False,True,True,False,False,False,True,False,True,False,False,True,False,1
4583,0.0,112.0,360.0,1.0,4.718498871295094,True,False,False,True,True,False,False,False,True,False,True,False,True,False,False,0
3232,1950.0,108.0,360.0,1.0,4.68213122712422,False,True,False,True,True,False,False,False,True,False,True,False,True,False,False,1
8333,0.0,246.0,360.0,1.0,5.5053315359323625,False,True,False,True,False,False,True,False,True,False,True,False,False,True,False,1
5780,0.0,192.0,360.0,1.0,5.2574953720277815,False,True,False,True,False,False,True,False,True,False,True,False,False,False,True,1
3814,1483.0,124.0,300.0,1.0,4.820281565605037,False,True,False,True,True,False,False,False,False,True,True,False,False,True,False,1
6250,1300.0,108.0,360.0,1.0,4.68213122712422,False,True,False,True,False,False,True,False,True,False,False,True,True,False,False,1
3333,0.0,70.0,360.0,1.0,4.248495242049359,False,True,True,False,True,False,False,False,True,False,True,False,False,False,True,1
5923,2054.0,211.0,360.0,1.0,5.351858133476067,False,True,False,True,True,False,False,False,True,False,True,False,True,False,False,1
9328,0.0,188.0,180.0,1.0,5.236441962829949,False,True,False,True,True,False,False,False,True,False,True,False,True,False,False,1
16525,1014.0,150.0,360.0,1.0,5.010635294096256,False,True,False,True,False,False,True,False,True,False,False,True,True,False,False,1
3598,1287.0,100.0,360.0,1.0,4.605170185988092,False,True,True,False,True,False,False,False,False,True,True,False,True,False,False,0
8080,2250.0,180.0,360.0,1.0,5.19295685089021,False,True,False,True,False,True,False,False,True,False,True,False,False,False,True,1
5532,4648.0,162.0,360.0,1.0,5.087596335232384,False,True,True,False,False,False,True,False,True,False,True,False,True,False,False,1
3675,242.0,108.0,360.0,1.0,4.68213122712422,False,True,False,True,False,False,True,False,False,True,True,False,False,True,False,1
2583,2167.0,104.0,360.0,1.0,4.6443908991413725,False,True,True,False,True,False,False,False,False,True,False,True,True,False,False,1
5955,5625.0,315.0,360.0,1.0,5.752572638825633,False,True,False,True,False,True,False,False,True,False,True,False,False,False,True,1
5746,0.0,144.0,84.0,1.0,4.969813299576001,False,True,False,True,False,False,True,False,True,False,False,True,True,False,False,1
8334,0.0,160.0,360.0,1.0,5.075173815233827,False,True,False,True,True,False,False,False,True,False,True,False,False,True,False,0
1863,1041.0,98.0,360.0,1.0,4.584967478670572,False,True,False,True,True,False,False,False,False,True,True,False,False,True,False,1
3993,3274.0,207.0,360.0,1.0,5.332718793265369,False,True,False,True,True,False,False,False,True,False,True,False,False,True,False,1
12000,0.0,164.0,360.0,1.0,5.099866427824199,False,True,True,False,True,False,False,False,True,False,True,False,False,True,False,0
3667,0.0,113.0,180.0,1.0,4.727387818712341,False,True,True,False,False,True,False,False,True,False,True,False,False,False,True,1
2253,2033.0,110.0,360.0,1.0,4.700480365792417,False,True,False,True,True,False,False,False,False,True,True,False,True,False,False,1
5333,1131.0,186.0,360.0,1.0,5.225746673713202,False,True,False,True,False,True,False,False,False,True,True,False,False,False,True,1
3173,0.0,74.0,360.0,1.0,4.30406509320417,False,True,False,True,False,False,False,True,False,True,True,False,False,True,False,1
20233,0.0,480.0,360.0,1.0,6.173786103901937,False,True,True,False,True,False,False,False,True,False,True,False,True,False,False,0
20166,0.0,650.0,480.0,1.0,6.476972362889683,False,True,True,False,True,False,False,False,True,False,False,True,False,False,True,1
1759,3541.0,131.0,360.0,1.0,4.875197323201151,False,True,False,True,True,False,False,False,True,False,True,False,False,True,False,1
9323,7873.0,380.0,300.0,1.0,5.940171252720432,False,True,False,True,False,False,True,False,True,False,False,True,True,False,False,1
2500,2118.0,104.0,360.0,1.0,4.6443908991413725,False,True,False,True,True,False,False,False,True,False,True,False,False,True,False,1
4354,0.0,136.0,360.0,1.0,4.912654885736052,False,True,True,False,False,False,True,False,True,False,True,False,True,False,False,1
4384,1793.0,117.0,360.0,1.0,4.762173934797756,False,True,True,False,False,True,False,False,True,False,True,False,False,False,True,1
3173,3021.0,137.0,360.0,1.0,4.919980925828125,False,True,False,True,True,False,False,False,True,False,True,False,False,False,True,1
2947,1664.0,70.0,180.0,0.0,4.248495242049359,False,True,False,True,False,False,False,True,False,True,True,False,False,False,True,0
4166,0.0,44.0,360.0,1.0,3.784189633918261,True,False,True,False,True,False,False,False,True,False,True,False,False,True,False,1
7660,0.0,104.0,360.0,0.0,4.6443908991413725,False,True,False,True,True,False,False,False,False,True,True,False,False,False,True,0
1875,1875.0,97.0,360.0,1.0,4.574710978503383,False,True,False,True,False,False,True,False,False,True,False,True,False,True,False,1
11417,1126.0,225.0,360.0,1.0,5.41610040220442,False,True,False,True,False,False,True,False,True,False,True,False,False,False,True,1
3237,0.0,30.0,360.0,1.0,3.4011973816621555,True,False,True,False,True,False,False,False,True,False,True,False,False,False,True,1
10047,0.0,128.0,240.0,1.0,4.852030263919617,True,False,False,True,True,False,False,False,True,False,True,False,False,True,False,1
13650,0.0,128.0,360.0,1.0,4.852030263919617,False,True,False,True,True,False,False,False,True,False,True,False,False,False,True,1