person_age,person_income,person_home_ownership,person_emp_length,loan_intent,loan_amnt,loan_int_rate,loan_percent_income,cb_person_cred_hist_length,loan_status
24,30000,MORTGAGE,0,DEBTCONSOLIDATION,6000,13.57,0.2,2,0
26,30000,MORTGAGE,0,VENTURE,3500,8,0.12,4,0
22,30000,MORTGAGE,4,EDUCATION,5000,11.89,0.17,4,1
21,30000,MORTGAGE,0,PERSONAL,4750,9.63,0.16,2,1
22,37080,RENT,6,PERSONAL,2400,10.65,0.06,3,1
23,30000,MORTGAGE,0,MEDICAL,8000,,0.27,3,1
24,54000,RENT,3,MEDICAL,2400,13.49,0.04,4,1
26,54000,RENT,2,HOMEIMPROVEMENT,2400,14.09,0.04,2,1
25,87999,RENT,5,PERSONAL,2400,14.79,0.03,4,1
26,16000,RENT,1,VENTURE,2450,,0.15,2,1
21,10800,RENT,4,PERSONAL,2500,8.88,0.23,2,1
21,12000,RENT,,MEDICAL,2500,11.99,0.21,4,1
21,12540,RENT,,HOMEIMPROVEMENT,2500,7.88,0.2,2,1
24,12600,RENT,2,VENTURE,2500,13.11,0.2,2,1
24,31000,RENT,8,VENTURE,13500,13.43,0.44,4,1
21,38000,RENT,5,EDUCATION,13500,9.91,0.36,3,1
22,43000,RENT,6,PERSONAL,13500,10.95,0.31,3,1
22,30288,OWN,0,EDUCATION,5000,19.47,0.17,3,1
23,35000,RENT,6,DEBTCONSOLIDATION,13475,10.65,0.39,3,1
23,30652,MORTGAGE,4,DEBTCONSOLIDATION,6000,14.54,0.2,2,1
23,29000,RENT,1,VENTURE,13475,14.26,0.46,4,1
23,29000,RENT,4,MEDICAL,13450,12.61,0.46,3,1
24,35000,RENT,8,MEDICAL,13400,,0.38,3,1
26,38000,RENT,3,EDUCATION,13400,9.99,0.35,2,1
22,50000,RENT,0,DEBTCONSOLIDATION,13350,14.59,0.27,2,1
24,33000,RENT,2,DEBTCONSOLIDATION,13300,7.66,0.4,4,1
24,39875,RENT,7,PERSONAL,13300,16,0.33,4,1
25,24000,RENT,3,VENTURE,13250,10.37,0.55,2,1
22,30000,RENT,4,DEBTCONSOLIDATION,13250,16.4,0.44,3,1
22,33300,RENT,0,DEBTCONSOLIDATION,13250,,0.4,4,1
26,37500,RENT,6,DEBTCONSOLIDATION,13250,13.49,0.35,3,1
23,38400,RENT,1,VENTURE,13250,10.99,0.35,4,1
26,40000,RENT,3,PERSONAL,13250,11.71,0.33,2,1
25,40000,RENT,9,PERSONAL,13250,,0.33,3,1
26,35000,RENT,5,VENTURE,13225,13.49,0.38,3,1
22,40000,RENT,6,PERSONAL,13225,16.77,0.33,2,1
22,31500,RENT,5,EDUCATION,13200,11.71,0.42,4,1
26,31000,MORTGAGE,9,HOMEIMPROVEMENT,15000,7.9,0.48,4,1
26,54000,RENT,0,PERSONAL,13200,14.91,0.24,2,1
21,24000,RENT,2,VENTURE,13000,15.7,0.54,3,1
21,24000,RENT,5,DEBTCONSOLIDATION,13000,12.87,0.54,2,1
24,31000,MORTGAGE,8,PERSONAL,9000,14.84,0.29,4,1
26,28000,RENT,10,MEDICAL,13000,16.29,0.46,3,1
25,28000,RENT,10,PERSONAL,13000,7.9,0.46,3,1
26,28800,RENT,0,HOMEIMPROVEMENT,13000,14.46,0.45,2,1
25,31000,MORTGAGE,2,PERSONAL,12250,11.36,0.4,3,1
22,30000,RENT,2,VENTURE,13000,13.11,0.43,3,1
21,31200,RENT,0,EDUCATION,13000,13.11,0.42,2,1
26,33800,RENT,4,EDUCATION,13000,13.57,0.38,4,1
26,34000,RENT,2,MEDICAL,13000,9.63,0.38,2,1
25,35000,RENT,5,MEDICAL,13000,13.22,0.37,2,1
24,36000,RENT,8,EDUCATION,13000,17.27,0.36,4,1
24,36000,RENT,7,DEBTCONSOLIDATION,13000,7.29,0.36,3,1
23,30000,RENT,4,DEBTCONSOLIDATION,13000,13.57,0.43,2,1
22,36000,RENT,6,DEBTCONSOLIDATION,13000,11.14,0.36,4,1
24,37000,RENT,3,EDUCATION,13000,10.25,0.35,4,1
23,38000,RENT,4,EDUCATION,13000,,0.34,4,1
23,38400,RENT,5,EDUCATION,13000,11.71,0.34,3,1
25,38400,RENT,0,DEBTCONSOLIDATION,13000,10.74,0.34,3,1
22,39000,RENT,5,DEBTCONSOLIDATION,13000,11.83,0.33,4,1
25,40000,RENT,9,PERSONAL,13000,10.99,0.33,3,1
22,32213,MORTGAGE,3,MEDICAL,8000,13.47,0.25,4,1
23,26000,RENT,1,PERSONAL,4000,12.87,0.15,3,1
24,26400,RENT,3,DEBTCONSOLIDATION,4000,,0.15,3,1
23,26400,RENT,8,EDUCATION,4000,14.17,0.15,2,1
21,27000,RENT,5,MEDICAL,4000,15.58,0.15,2,1
22,30000,RENT,0,VENTURE,4000,15.21,0.13,2,1
26,32400,MORTGAGE,10,MEDICAL,10000,,0.31,4,1
26,30000,RENT,1,PERSONAL,4000,11.83,0.13,4,1
25,30900,RENT,1,VENTURE,4000,12.61,0.13,3,1
21,32400,MORTGAGE,3,PERSONAL,1750,13.61,0.05,4,1
24,32000,RENT,2,HOMEIMPROVEMENT,4000,17.93,0.13,3,1
23,32993,RENT,6,MEDICAL,4000,11.71,0.12,4,1
22,32484,MORTGAGE,6,HOMEIMPROVEMENT,6250,7.51,0.19,4,1
26,32496,MORTGAGE,8,DEBTCONSOLIDATION,4200,16.02,0.13,3,1
22,32644,MORTGAGE,6,VENTURE,13750,16.45,0.42,4,1
20,32652,MORTGAGE,0,PERSONAL,6000,14.61,0.18,4,1
25,29000,RENT,1,HOMEIMPROVEMENT,4000,14.54,0.14,3,1
21,29000,RENT,0,EDUCATION,4000,14.83,0.14,4,1
22,29000,RENT,5,EDUCATION,4000,15.33,0.14,4,1
24,29000,RENT,1,MEDICAL,4000,9.96,0.14,3,1
26,30000,RENT,3,MEDICAL,4000,14.27,0.13,2,1
22,30000,RENT,1,EDUCATION,4000,14.96,0.13,2,1
22,32400,RENT,4,VENTURE,4000,,0.12,2,1
26,33000,MORTGAGE,0,HOMEIMPROVEMENT,9000,13.72,0.27,2,1
25,34000,RENT,,HOMEIMPROVEMENT,4000,,0.12,2,1
21,33000,MORTGAGE,2,HOMEIMPROVEMENT,3250,7.14,0.1,3,1
23,35000,RENT,2,HOMEIMPROVEMENT,4000,12.18,0.11,4,1
24,35200,RENT,1,MEDICAL,4000,16,0.11,3,1
26,33000,MORTGAGE,1,DEBTCONSOLIDATION,12000,10.91,0.36,3,1
21,36000,RENT,5,HOMEIMPROVEMENT,4000,12.99,0.11,4,1
23,36000,RENT,7,MEDICAL,4000,10.99,0.11,4,1
25,33168,MORTGAGE,9,PERSONAL,6000,15.96,0.18,4,1
26,33192,MORTGAGE,,PERSONAL,3000,12.69,0.09,4,1
26,36000,RENT,2,PERSONAL,4000,14.54,0.11,2,1
26,39600,RENT,3,EDUCATION,4000,5.79,0.1,4,1
22,41000,RENT,7,PERSONAL,4000,7.51,0.1,3,1
25,41000,RENT,1,PERSONAL,4000,14.84,0.1,4,1
24,42000,RENT,8,HOMEIMPROVEMENT,4000,11.86,0.1,2,1
24,42000,RENT,2,HOMEIMPROVEMENT,4000,12.73,0.1,3,1
26,33660,MORTGAGE,0,DEBTCONSOLIDATION,4500,5.99,0.13,2,1
24,44000,RENT,1,DEBTCONSOLIDATION,4000,17.58,0.09,2,1
22,44582,RENT,6,HOMEIMPROVEMENT,4000,5.99,0.09,4,1
24,45000,RENT,0,DEBTCONSOLIDATION,4000,15.99,0.09,4,1
23,45630,RENT,0,DEBTCONSOLIDATION,4000,19.29,0.09,3,1
25,46392,RENT,9,DEBTCONSOLIDATION,4000,16.32,0.09,3,1
23,48000,RENT,8,PERSONAL,4000,10.37,0.08,3,1
26,52800,RENT,4,PERSONAL,4000,9.99,0.08,3,1
26,54000,RENT,0,MEDICAL,4000,13.47,0.07,2,1
24,56400,RENT,0,EDUCATION,4000,14.75,0.07,2,1
23,61000,RENT,2,DEBTCONSOLIDATION,4000,16,0.07,4,1
22,63000,RENT,6,HOMEIMPROVEMENT,4000,11.12,0.06,2,1
23,63996,RENT,2,HOMEIMPROVEMENT,4000,,0.06,2,1
23,34000,MORTGAGE,3,VENTURE,12000,14.27,0.35,4,1
22,34000,MORTGAGE,6,MEDICAL,4500,11.71,0.13,2,1
26,34000,MORTGAGE,5,EDUCATION,5500,10.65,0.16,3,1
23,88000,RENT,4,HOMEIMPROVEMENT,4000,7.14,0.05,4,1
26,34000,MORTGAGE,3,MEDICAL,4000,17.58,0.12,3,1
24,118068,RENT,0,DEBTCONSOLIDATION,4000,10.51,0.03,3,1
26,158000,RENT,0,HOMEIMPROVEMENT,4000,14.84,0.03,3,1
24,15000,RENT,8,DEBTCONSOLIDATION,4200,13.11,0.28,2,1
24,16000,RENT,2,DEBTCONSOLIDATION,4200,,0.26,4,1
21,19000,RENT,2,HOMEIMPROVEMENT,4200,,0.22,2,1
22,22560,RENT,3,PERSONAL,4200,15.2,0.19,4,1
24,26000,RENT,0,PERSONAL,4200,16,0.16,2,1
22,28080,RENT,,MEDICAL,4200,9.91,0.15,4,1
26,30000,RENT,1,EDUCATION,4200,16.49,0.14,3,1
25,12000,RENT,3,DEBTCONSOLIDATION,4350,12.98,0.36,4,1
24,14400,RENT,0,DEBTCONSOLIDATION,4375,,0.3,2,1
26,15000,RENT,0,DEBTCONSOLIDATION,4375,12.69,0.29,4,1
24,16800,RENT,,DEBTCONSOLIDATION,4375,9.99,0.26,2,1
24,22044,RENT,3,HOMEIMPROVEMENT,4375,16.4,0.2,3,1
22,14400,RENT,0,HOMEIMPROVEMENT,4400,19.91,0.31,4,1
22,19200,RENT,6,PERSONAL,4400,11.49,0.23,2,1
22,34000,MORTGAGE,6,VENTURE,15000,15.99,0.44,2,1
23,43000,RENT,7,MEDICAL,4400,11.99,0.1,4,1
24,49000,RENT,8,DEBTCONSOLIDATION,4400,16.77,0.09,3,1
22,14400,RENT,0,EDUCATION,4500,7.88,0.31,4,1
25,40000,MORTGAGE,9,DEBTCONSOLIDATION,3500,13.49,0.09,3,0
24,40000,MORTGAGE,3,VENTURE,3200,10.99,0.08,2,0
23,15600,RENT,1,VENTURE,4500,5.99,0.29,4,1
25,15600,RENT,3,PERSONAL,4500,7.51,0.29,3,1
22,40000,MORTGAGE,3,DEBTCONSOLIDATION,7500,11.49,0.19,3,0
24,40000,OWN,6,EDUCATION,2800,8.49,0.07,4,0
25,17600,RENT,,PERSONAL,4500,13.99,0.26,2,1
25,40000,OWN,0,MEDICAL,11000,8.49,0.28,2,0
23,18000,RENT,,VENTURE,4500,7.49,0.25,4,1
24,40000,MORTGAGE,5,HOMEIMPROVEMENT,15000,7.49,0.38,2,0
24,40000,MORTGAGE,5,DEBTCONSOLIDATION,3000,11.99,0.07,4,0
23,40000,MORTGAGE,6,MEDICAL,13200,,0.33,4,0
23,40000,MORTGAGE,2,MEDICAL,2000,10.99,0.05,4,0
21,18000,RENT,2,PERSONAL,4500,10.38,0.25,2,1
24,40000,MORTGAGE,2,HOMEIMPROVEMENT,2500,9.99,0.06,2,0
23,18000,RENT,0,DEBTCONSOLIDATION,4500,12.21,0.25,3,1
24,18200,RENT,8,EDUCATION,4500,8.94,0.25,2,1
24,40000,MORTGAGE,6,DEBTCONSOLIDATION,10000,5.79,0.25,4,0
25,18204,RENT,0,EDUCATION,4500,13.61,0.25,2,1
26,40000,OWN,0,MEDICAL,4300,10.74,0.11,2,0
21,20000,RENT,5,PERSONAL,4500,13.49,0.23,2,0
24,40000,MORTGAGE,9,MEDICAL,2125,11.11,0.05,4,0
21,20004,RENT,4,MEDICAL,4500,8,0.22,2,0
21,20400,RENT,2,PERSONAL,4500,10.99,0.22,2,0
25,21000,RENT,0,DEBTCONSOLIDATION,4500,9.62,0.21,4,0
25,21000,RENT,2,EDUCATION,4500,16.45,0.21,4,1
22,40000,MORTGAGE,7,PERSONAL,10850,7.66,0.27,4,0
23,21600,RENT,1,EDUCATION,4500,15.65,0.21,2,1
23,23421,RENT,3,MEDICAL,4500,17.99,0.19,3,1
23,34000,MORTGAGE,0,EDUCATION,4000,14.17,0.12,2,1
23,40000,MORTGAGE,6,PERSONAL,7200,11.11,0.18,2,0
21,23916,RENT,2,EDUCATION,4500,9.62,0.19,4,0
26,24000,RENT,10,MEDICAL,4500,12.42,0.19,4,0
24,40000,MORTGAGE,6,DEBTCONSOLIDATION,5000,11.11,0.13,2,0
26,24000,RENT,5,VENTURE,4500,5.79,0.19,3,0
22,24000,RENT,0,EDUCATION,4500,11.49,0.19,2,0
25,40000,MORTGAGE,1,HOMEIMPROVEMENT,4000,7.29,0.1,2,0
22,24500,RENT,3,DEBTCONSOLIDATION,4500,8.94,0.18,2,0
23,25596,RENT,2,MEDICAL,4500,9.99,0.18,4,0
23,26000,RENT,3,MEDICAL,4500,8.49,0.17,2,1
25,30996,RENT,9,VENTURE,4500,6.92,0.15,3,0
24,32000,RENT,,MEDICAL,4500,7.29,0.14,4,0
23,32400,RENT,4,EDUCATION,4500,7.49,0.14,4,0
22,40000,MORTGAGE,1,EDUCATION,4800,5.42,0.12,2,0
22,33000,RENT,2,PERSONAL,4500,7.88,0.14,3,0
23,33000,RENT,1,DEBTCONSOLIDATION,4500,15.05,0.14,4,1
21,40000,MORTGAGE,3,DEBTCONSOLIDATION,8000,6.92,0.2,4,0
22,35000,RENT,2,VENTURE,4500,14.27,0.13,2,0
23,35000,RENT,5,PERSONAL,4500,10.59,0.13,2,0
24,35000,RENT,1,MEDICAL,4500,12.87,0.13,3,0
22,40000,MORTGAGE,5,MEDICAL,8000,10.74,0.2,3,0
23,40000,MORTGAGE,7,VENTURE,14000,,0.35,3,0
21,36000,RENT,0,EDUCATION,4500,6.62,0.13,2,0
26,40000,MORTGAGE,5,MEDICAL,16000,,0.4,3,0
26,34000,MORTGAGE,4,PERSONAL,12250,6.91,0.36,4,1
22,36000,RENT,5,EDUCATION,4500,6.17,0.13,3,0
24,36000,RENT,5,VENTURE,4500,7.14,0.13,4,0
22,40000,OWN,5,MEDICAL,6000,9.25,0.15,3,0
22,37342,RENT,3,VENTURE,4500,11.03,0.12,2,0
23,40000,MORTGAGE,2,MEDICAL,7000,8.88,0.17,3,0
24,37500,RENT,0,PERSONAL,4500,5.42,0.12,4,0
24,40000,OWN,0,PERSONAL,6900,6.91,0.17,3,0
22,32000,RENT,5,MEDICAL,4500,9.63,0.14,2,1
24,38000,RENT,8,MEDICAL,4500,10.83,0.12,2,0
23,38004,RENT,2,EDUCATION,4500,7.88,0.12,2,0
24,34000,MORTGAGE,1,DEBTCONSOLIDATION,7000,14.09,0.21,2,1
24,39000,RENT,2,VENTURE,4500,10.99,0.12,4,0
22,39996,RENT,2,EDUCATION,4500,13.43,0.11,4,0
22,40000,RENT,6,EDUCATION,4500,7.66,0.11,3,0
26,40000,RENT,0,MEDICAL,4500,7.74,0.11,2,0
25,40000,OWN,3,EDUCATION,12000,14.83,0.3,4,0
24,40000,RENT,8,MEDICAL,4500,12.84,0.11,3,0
22,40000,MORTGAGE,6,VENTURE,4000,10.36,0.1,4,0
24,34068,RENT,2,EDUCATION,4500,14.84,0.13,3,1
23,41000,RENT,6,PERSONAL,4500,12.99,0.11,4,0
25,40000,MORTGAGE,6,MEDICAL,5000,12.61,0.13,4,0
21,36000,RENT,1,VENTURE,4500,17.27,0.13,2,1
24,40000,MORTGAGE,4,MEDICAL,3500,8.88,0.09,2,0
26,40000,MORTGAGE,10,HOMEIMPROVEMENT,5300,5.42,0.13,2,0
21,42000,RENT,4,DEBTCONSOLIDATION,4500,6.03,0.11,4,0
22,42000,RENT,2,DEBTCONSOLIDATION,4500,11.49,0.11,4,0
21,40000,MORTGAGE,3,DEBTCONSOLIDATION,6000,5.79,0.15,3,0
26,42000,RENT,3,PERSONAL,4500,7.66,0.11,2,0
25,43500,RENT,0,MEDICAL,4500,6.76,0.1,2,0
25,43738,RENT,0,DEBTCONSOLIDATION,4500,5.99,0.1,3,0
26,44004,RENT,2,MEDICAL,4500,7.74,0.1,3,0
23,45000,RENT,0,VENTURE,4500,9.25,0.1,4,0
21,41000,RENT,2,DEBTCONSOLIDATION,4500,13.49,0.11,3,1
22,40000,MORTGAGE,6,PERSONAL,4800,,0.12,2,0
26,48000,RENT,10,DEBTCONSOLIDATION,4500,11.11,0.09,4,0
23,48500,RENT,0,DEBTCONSOLIDATION,4500,12.21,0.09,4,0
22,44000,RENT,,PERSONAL,4500,14.46,0.1,2,1
22,44000,RENT,3,PERSONAL,4500,5.79,0.1,3,1
21,40000,MORTGAGE,3,MEDICAL,2500,6.76,0.06,4,0
24,40000,OWN,6,VENTURE,1000,6.76,0.03,3,0
23,52800,RENT,3,EDUCATION,4500,6.76,0.09,4,0
24,54100,RENT,5,PERSONAL,4500,7.14,0.08,4,0
26,40000,OWN,0,HOMEIMPROVEMENT,10000,11.86,0.25,4,0
22,48300,RENT,0,HOMEIMPROVEMENT,4500,9.76,0.09,2,1
22,34000,MORTGAGE,4,PERSONAL,7750,15.21,0.23,2,1
26,54396,RENT,10,MEDICAL,4500,,0.08,3,0
23,40000,MORTGAGE,1,PERSONAL,4000,7.14,0.1,3,0
24,40000,OWN,4,PERSONAL,2000,14.35,0.05,2,0
24,55000,RENT,2,DEBTCONSOLIDATION,4500,7.9,0.08,2,0
23,55000,RENT,4,VENTURE,4500,8.49,0.08,3,0
22,55000,RENT,4,DEBTCONSOLIDATION,4500,6.76,0.08,4,0
24,40000,MORTGAGE,2,VENTURE,15250,13.98,0.38,2,0
24,40000,MORTGAGE,5,VENTURE,8000,,0.2,4,0
26,58947,RENT,10,MEDICAL,4500,6.03,0.08,2,0
23,59000,RENT,3,MEDICAL,4500,12.68,0.08,3,0
25,40000,OWN,0,EDUCATION,8000,10.38,0.2,4,0
23,54000,RENT,5,HOMEIMPROVEMENT,4500,8.49,0.08,2,1
23,54000,RENT,7,EDUCATION,4500,,0.08,2,1
23,62000,RENT,7,VENTURE,4500,12.42,0.07,2,0
22,40000,MORTGAGE,2,PERSONAL,8100,7.14,0.2,3,0
25,60000,RENT,9,HOMEIMPROVEMENT,4500,10.99,0.07,2,1
23,40000,MORTGAGE,,EDUCATION,4000,6.39,0.1,3,0
24,74000,RENT,0,PERSONAL,4500,12.18,0.06,4,0
25,78996,RENT,9,EDUCATION,4500,8.63,0.06,2,0
25,80000,RENT,8,VENTURE,4500,13.06,0.06,2,0
25,82560,RENT,6,DEBTCONSOLIDATION,4500,7.42,0.05,3,0
25,84000,RENT,0,HOMEIMPROVEMENT,4500,12.18,0.05,2,0
24,86854,RENT,8,VENTURE,4500,,0.05,4,0
24,40000,MORTGAGE,3,VENTURE,10500,11.36,0.26,4,0
24,40000,MORTGAGE,8,PERSONAL,10000,9.88,0.25,2,0
21,40000,OWN,6,VENTURE,5600,10.25,0.14,3,0
25,138000,RENT,1,EDUCATION,4500,13.43,0.03,3,0
23,20664,RENT,4,EDUCATION,4550,13.72,0.22,3,0
21,34000,MORTGAGE,5,EDUCATION,10000,10.62,0.29,2,1
22,29976,RENT,6,DEBTCONSOLIDATION,4550,12.84,0.15,3,0
23,42000,RENT,2,EDUCATION,4550,15.23,0.11,4,0
26,130000,RENT,0,HOMEIMPROVEMENT,4550,13.57,0.04,2,0
21,24000,RENT,0,EDUCATION,4600,13.99,0.19,2,0
23,27864,RENT,0,MEDICAL,4600,6.03,0.17,3,0
26,40000,MORTGAGE,5,MEDICAL,6000,10.62,0.15,4,0
21,28416,RENT,6,PERSONAL,4600,,0.16,2,0
24,30000,RENT,0,MEDICAL,4600,,0.15,2,0
22,40000,MORTGAGE,6,VENTURE,4750,,0.12,2,0
23,33000,RENT,0,EDUCATION,4600,11.71,0.14,3,0
23,40000,RENT,1,VENTURE,4600,10.59,0.12,3,0
25,40000,MORTGAGE,8,DEBTCONSOLIDATION,10000,7.14,0.25,4,0
23,46500,RENT,3,EDUCATION,4600,,0.1,4,0
21,40000,MORTGAGE,5,MEDICAL,9000,7.51,0.23,4,0
25,40000,MORTGAGE,2,DEBTCONSOLIDATION,4750,,0.12,3,0
26,44000,RENT,5,DEBTCONSOLIDATION,4600,13.99,0.1,4,1
21,51996,RENT,5,PERSONAL,4600,8.59,0.09,2,0
21,40000,MORTGAGE,5,EDUCATION,8000,,0.2,3,0
23,52000,RENT,5,PERSONAL,4600,14.96,0.09,2,1
26,52800,RENT,3,DEBTCONSOLIDATION,4600,15.62,0.09,4,1
24,40000,MORTGAGE,8,DEBTCONSOLIDATION,4000,7.14,0.1,4,0
23,40000,MORTGAGE,3,EDUCATION,12000,9.88,0.3,2,0
25,34000,MORTGAGE,2,HOMEIMPROVEMENT,5800,13.48,0.17,3,1
22,40000,MORTGAGE,0,EDUCATION,4000,12.73,0.1,2,0
24,73000,RENT,2,MEDICAL,4600,9.99,0.06,2,0
24,100000,RENT,1,EDUCATION,4600,8.49,0.05,2,0
22,40000,OWN,0,VENTURE,6400,14.22,0.16,2,0
24,22392,RENT,,MEDICAL,4650,9.99,0.21,4,0
24,40000,MORTGAGE,8,DEBTCONSOLIDATION,15000,9.88,0.38,2,0
24,40000,MORTGAGE,2,VENTURE,10000,11.83,0.25,3,0
21,31970,RENT,2,VENTURE,4650,9.32,0.15,2,0
22,48000,RENT,2,MEDICAL,4650,10.99,0.1,4,0
24,31776,RENT,6,VENTURE,4700,8.94,0.15,3,0
25,40000,RENT,0,MEDICAL,4700,12.09,0.12,3,0
24,40000,OWN,1,HOMEIMPROVEMENT,9000,8.94,0.23,3,0
23,41000,RENT,7,PERSONAL,4700,7.9,0.11,2,0
26,40000,MORTGAGE,3,VENTURE,1750,11.83,0.04,4,0
24,45000,RENT,2,DEBTCONSOLIDATION,4700,10.96,0.1,2,0
26,19800,RENT,0,MEDICAL,4725,11.22,0.24,3,1
26,27600,RENT,0,MEDICAL,4725,6.54,0.17,2,0
24,40000,OWN,8,HOMEIMPROVEMENT,7500,13.22,0.19,3,0
24,12000,RENT,0,EDUCATION,4750,10.75,0.4,4,1
21,13806,RENT,6,PERSONAL,4750,12.73,0.34,3,1
22,14000,RENT,2,PERSONAL,4750,14.61,0.34,4,1
26,14040,RENT,1,DEBTCONSOLIDATION,4750,10.25,0.34,2,1
23,14400,RENT,1,EDUCATION,4750,11.11,0.33,2,1
21,40000,MORTGAGE,5,EDUCATION,9000,11.14,0.23,3,0
26,15000,RENT,0,PERSONAL,4750,8.49,0.32,3,1
25,15600,RENT,1,PERSONAL,4750,13.85,0.3,4,1
22,16000,RENT,0,EDUCATION,4750,13.16,0.3,3,1
23,40000,OWN,6,VENTURE,12000,11.14,0.3,3,0
22,20400,RENT,1,DEBTCONSOLIDATION,4750,11.49,0.23,2,0
25,20400,RENT,3,VENTURE,4750,12.98,0.23,4,0
24,40000,MORTGAGE,2,DEBTCONSOLIDATION,3400,7.4,0.09,3,0
22,21000,RENT,4,EDUCATION,4750,,0.23,2,0
25,24000,RENT,9,MEDICAL,4750,10.38,0.2,4,0
24,24000,RENT,8,DEBTCONSOLIDATION,4750,10.62,0.2,3,0
21,26400,RENT,5,PERSONAL,4750,12.23,0.18,3,0
24,34000,MORTGAGE,3,PERSONAL,10000,15.31,0.29,2,1
24,28800,RENT,0,EDUCATION,4750,,0.16,4,0
22,40000,OWN,0,EDUCATION,6000,11.48,0.15,4,0
24,40000,MORTGAGE,8,EDUCATION,3000,15.65,0.07,2,0
23,40000,MORTGAGE,1,EDUCATION,4000,11.48,0.1,3,0
22,13440,RENT,1,MEDICAL,4800,12.53,0.36,4,1
21,15000,RENT,6,VENTURE,4800,8.49,0.32,3,1
24,15000,RENT,3,PERSONAL,4800,16.95,0.32,3,1
21,15996,RENT,3,MEDICAL,4800,15.37,0.3,3,1
22,19800,RENT,,DEBTCONSOLIDATION,4800,10.99,0.24,2,1
26,20000,RENT,0,DEBTCONSOLIDATION,4800,7.49,0.24,2,0
24,20000,RENT,5,MEDICAL,4800,11.14,0.24,4,0
24,40000,MORTGAGE,3,VENTURE,5000,8.59,0.13,3,0
22,40000,MORTGAGE,6,DEBTCONSOLIDATION,7000,9.32,0.17,3,0
23,20400,RENT,0,PERSONAL,4800,,0.24,2,0
26,40000,MORTGAGE,6,VENTURE,10750,12.84,0.27,4,0
23,40000,MORTGAGE,7,EDUCATION,3500,12.21,0.09,3,0
22,21000,RENT,5,MEDICAL,4800,10.75,0.23,3,0
26,21000,RENT,0,VENTURE,4800,7.75,0.23,4,0
22,21600,RENT,0,MEDICAL,4800,13.49,0.22,3,0
21,22000,RENT,1,MEDICAL,4800,7.88,0.22,2,0
26,40000,MORTGAGE,3,VENTURE,3250,8,0.08,4,0
21,34000,OTHER,3,VENTURE,9600,15.68,0.28,2,1
23,23136,RENT,,EDUCATION,4800,6.17,0.21,2,0
22,23448,RENT,,DEBTCONSOLIDATION,4800,11.86,0.2,3,0
22,40000,MORTGAGE,6,PERSONAL,10000,,0.25,3,0
22,24000,RENT,6,EDUCATION,4800,7.49,0.2,2,0
26,24000,RENT,0,EDUCATION,4800,,0.2,3,0
22,24500,RENT,3,MEDICAL,4800,10.65,0.2,2,0
25,26000,RENT,1,PERSONAL,4800,10.65,0.18,4,0
22,26004,RENT,5,MEDICAL,4800,10.99,0.18,4,0
24,26085,RENT,2,EDUCATION,4800,13.35,0.18,3,0
23,26400,RENT,,PERSONAL,4800,,0.18,4,0
21,27000,RENT,,DEBTCONSOLIDATION,4800,13.49,0.18,4,0
21,27000,RENT,1,EDUCATION,4800,7.51,0.18,2,0
22,40000,MORTGAGE,1,PERSONAL,8000,16,0.2,3,0
21,27700,RENT,5,PERSONAL,4800,6.62,0.17,4,0
26,27880,RENT,1,MEDICAL,4800,9.25,0.17,4,0
22,29000,RENT,6,MEDICAL,4800,12.99,0.17,4,0
25,34000,MORTGAGE,8,HOMEIMPROVEMENT,3000,10.51,0.09,3,1
22,29534,RENT,1,EDUCATION,4800,11.99,0.16,4,0
23,40000,MORTGAGE,1,VENTURE,1200,10.83,0.03,2,0
24,30000,RENT,5,EDUCATION,4800,6.99,0.16,4,0
23,30000,RENT,6,EDUCATION,4800,7.49,0.16,3,0
24,30000,RENT,8,VENTURE,4800,11.49,0.16,2,0
24,30000,RENT,0,EDUCATION,4800,13.35,0.16,3,0
23,30000,RENT,0,EDUCATION,4800,,0.16,4,0
26,40000,MORTGAGE,10,VENTURE,5200,10.08,0.13,3,0
25,30000,RENT,5,DEBTCONSOLIDATION,4800,11.22,0.16,3,0
24,40000,OWN,4,MEDICAL,1000,7.37,0.03,2,0
22,40000,MORTGAGE,5,MEDICAL,5000,7.68,0.13,4,0
22,31200,RENT,,VENTURE,4800,10.37,0.15,4,0
24,32000,RENT,6,MEDICAL,4800,10.59,0.15,2,0
22,32000,RENT,3,DEBTCONSOLIDATION,4800,16.49,0.15,2,1
22,32000,RENT,0,DEBTCONSOLIDATION,4800,11.11,0.15,4,0
25,32000,RENT,0,EDUCATION,4800,7.14,0.15,3,0
22,40000,MORTGAGE,5,DEBTCONSOLIDATION,8000,9.76,0.2,4,0
22,32000,RENT,1,EDUCATION,4800,13.61,0.15,4,0
23,32640,RENT,5,VENTURE,4800,11.99,0.15,2,0
26,33000,RENT,6,EDUCATION,4800,12.69,0.15,4,0
22,33000,RENT,3,MEDICAL,4800,7.49,0.15,4,0
22,40000,MORTGAGE,1,EDUCATION,13025,10.14,0.33,3,0
26,40000,OWN,0,MEDICAL,15000,9.64,0.38,4,0
24,33000,RENT,4,MEDICAL,4800,14.91,0.15,4,1
24,40000,OWN,6,MEDICAL,5000,11.86,0.13,4,0
23,34000,MORTGAGE,0,DEBTCONSOLIDATION,2525,13.12,0.07,3,1
23,33000,RENT,5,DEBTCONSOLIDATION,4800,14.54,0.15,3,1
25,34000,MORTGAGE,2,VENTURE,15450,11.22,0.45,4,1
24,33600,RENT,0,MEDICAL,4800,11.86,0.14,2,0
26,35000,RENT,0,DEBTCONSOLIDATION,4800,8.9,0.14,2,0
22,40058,MORTGAGE,5,VENTURE,6000,9.91,0.15,2,0
22,35000,RENT,3,EDUCATION,4800,5.42,0.14,3,0
25,35000,RENT,9,VENTURE,4800,11.14,0.14,2,0
25,35000,RENT,1,MEDICAL,4800,10.28,0.14,2,0
23,40104,OTHER,7,EDUCATION,10000,12.72,0.25,2,0
24,40113,MORTGAGE,6,HOMEIMPROVEMENT,5000,7.14,0.12,2,0
22,30000,RENT,4,PERSONAL,4800,,0.16,3,1
23,36000,RENT,0,PERSONAL,4800,11.11,0.13,3,0
21,40200,MORTGAGE,5,MEDICAL,7200,7.88,0.18,2,0
25,30000,RENT,0,HOMEIMPROVEMENT,4800,15.95,0.16,2,1
26,40224,MORTGAGE,0,PERSONAL,7000,7.4,0.17,2,0
22,40269,MORTGAGE,6,DEBTCONSOLIDATION,6625,15.23,0.16,3,0
26,40272,MORTGAGE,3,EDUCATION,10000,11.86,0.25,3,0
23,40308,MORTGAGE,1,EDUCATION,5000,7.68,0.12,4,0
25,38000,RENT,9,MEDICAL,4800,11.71,0.13,4,0
22,32400,RENT,7,PERSONAL,4800,13.98,0.15,2,1
22,38790,RENT,0,EDUCATION,4800,13.8,0.12,3,0
26,39996,RENT,5,EDUCATION,4800,12.99,0.12,4,0
22,40499,MORTGAGE,7,MEDICAL,11500,11.83,0.28,4,0
24,40800,RENT,5,MEDICAL,4800,13.85,0.12,3,0
22,41300,RENT,6,EDUCATION,4800,11.89,0.12,3,0
25,40500,MORTGAGE,5,HOMEIMPROVEMENT,6500,9.63,0.16,4,0
22,41504,RENT,6,EDUCATION,4800,12.99,0.12,4,0
22,42000,RENT,4,DEBTCONSOLIDATION,4800,14.35,0.11,4,0
25,42000,RENT,2,DEBTCONSOLIDATION,4800,13.22,0.11,4,0
22,42996,RENT,3,PERSONAL,4800,11.03,0.11,4,0
22,40542,MORTGAGE,6,VENTURE,6250,,0.15,2,0
26,44600,RENT,0,EDUCATION,4800,14.65,0.11,2,0
25,45000,RENT,9,EDUCATION,4800,7.51,0.11,3,0
26,45000,RENT,1,MEDICAL,4800,5.42,0.11,2,0
23,39000,RENT,0,PERSONAL,4800,17.99,0.12,4,1
26,40610,MORTGAGE,7,HOMEIMPROVEMENT,3500,7.14,0.09,4,0
26,40720,MORTGAGE,4,PERSONAL,10000,13.48,0.25,3,0
26,45000,RENT,2,PERSONAL,4800,13.06,0.11,4,0
22,40800,MORTGAGE,7,EDUCATION,17050,,0.42,2,0
21,45000,RENT,3,VENTURE,4800,7.51,0.11,4,0
23,45000,RENT,4,PERSONAL,4800,13.98,0.11,2,0
23,45000,RENT,2,EDUCATION,4800,13.22,0.11,4,0
25,45000,RENT,2,PERSONAL,4800,9.45,0.11,4,0
26,45243,RENT,3,VENTURE,4800,9.25,0.11,2,0
24,45840,RENT,2,DEBTCONSOLIDATION,4800,7.49,0.1,2,0
24,46000,RENT,0,PERSONAL,4800,8.9,0.1,2,0
24,40800,MORTGAGE,0,MEDICAL,8000,11.99,0.2,4,0
22,40800,MORTGAGE,6,PERSONAL,7975,5.79,0.2,3,0
25,40800,MORTGAGE,9,MEDICAL,9700,9.63,0.24,4,0
21,47664,RENT,5,DEBTCONSOLIDATION,4800,7.9,0.1,2,0
23,40800,MORTGAGE,4,MEDICAL,10400,10,0.25,2,0
23,48000,RENT,6,VENTURE,4800,7.9,0.1,3,0
24,40800,MORTGAGE,8,EDUCATION,1200,,0.03,3,0
26,42000,RENT,2,VENTURE,4800,14.27,0.11,2,1
23,40800,OWN,,MEDICAL,21000,6.17,0.51,3,0
24,42000,RENT,2,EDUCATION,4800,15.23,0.11,2,1
22,40800,OWN,6,VENTURE,10000,12.61,0.25,2,0
23,48000,RENT,3,MEDICAL,4800,5.42,0.1,3,0
25,40800,MORTGAGE,,HOMEIMPROVEMENT,8000,5.79,0.2,2,0
22,48000,RENT,0,DEBTCONSOLIDATION,4800,12.98,0.1,2,0
24,40800,OWN,0,VENTURE,14400,14.35,0.35,2,0
25,48000,RENT,9,MEDICAL,4800,,0.1,3,0
26,40800,MORTGAGE,3,PERSONAL,7500,7.88,0.18,2,0
24,48000,RENT,0,PERSONAL,4800,9.88,0.1,3,0
23,48600,RENT,2,DEBTCONSOLIDATION,4800,10.36,0.1,3,0
23,48756,RENT,5,MEDICAL,4800,11.36,0.1,4,0
23,40800,MORTGAGE,3,MEDICAL,10000,7.14,0.25,2,0
23,40800,MORTGAGE,1,EDUCATION,16000,,0.39,4,0
25,50000,RENT,8,EDUCATION,4800,15.96,0.1,2,0
24,40800,MORTGAGE,1,EDUCATION,6000,12.92,0.15,3,0
25,50000,RENT,5,VENTURE,4800,10.99,0.1,4,0
22,40872,MORTGAGE,6,EDUCATION,13750,10.83,0.34,4,0
23,40900,OWN,5,MEDICAL,12200,11.36,0.3,4,0
22,34900,MORTGAGE,4,DEBTCONSOLIDATION,3600,15.7,0.1,4,1
23,34900,MORTGAGE,2,MEDICAL,4000,,0.11,4,1
23,50000,RENT,7,EDUCATION,4800,10.37,0.1,3,0
22,50000,RENT,7,MEDICAL,4800,12.68,0.1,3,0
26,50000,RENT,0,VENTURE,4800,,0.1,3,0
24,50000,RENT,2,VENTURE,4800,13.22,0.1,4,0
26,52000,RENT,2,EDUCATION,4800,9.99,0.09,2,0
23,52000,RENT,3,EDUCATION,4800,9.88,0.09,2,0
24,55000,RENT,8,PERSONAL,4800,6.92,0.09,3,0
21,55000,RENT,3,EDUCATION,4800,11.12,0.09,4,0
25,49000,RENT,3,MEDICAL,4800,14.96,0.1,2,1
23,41000,MORTGAGE,7,EDUCATION,6000,6.03,0.15,4,0
25,55200,RENT,2,MEDICAL,4800,7.9,0.09,3,0
22,41000,MORTGAGE,6,EDUCATION,12000,6.03,0.29,2,0
23,56928,RENT,3,PERSONAL,4800,10.38,0.08,3,0
21,41000,MORTGAGE,4,DEBTCONSOLIDATION,7000,6.03,0.17,3,0
26,52000,RENT,6,MEDICAL,4800,17.99,0.09,4,1
26,41000,MORTGAGE,5,PERSONAL,8000,6.03,0.2,3,0
26,53000,RENT,2,PERSONAL,4800,15.62,0.09,3,1
26,60000,RENT,1,HOMEIMPROVEMENT,4800,7.9,0.08,3,0
24,60000,RENT,4,HOMEIMPROVEMENT,4800,6.54,0.08,4,0
22,41000,MORTGAGE,0,VENTURE,6400,9.99,0.16,4,0
24,62000,RENT,4,PERSONAL,4800,7.14,0.08,3,0
26,41000,OWN,7,HOMEIMPROVEMENT,9000,,0.22,4,0
22,41000,OWN,0,PERSONAL,1000,6.99,0.02,2,0
26,65000,RENT,0,HOMEIMPROVEMENT,4800,13.72,0.07,2,0
24,65000,RENT,0,PERSONAL,4800,7.88,0.07,4,0
24,41000,MORTGAGE,3,VENTURE,2500,7.29,0.06,2,0
25,65004,RENT,1,HOMEIMPROVEMENT,4800,13.49,0.07,3,0
21,41000,MORTGAGE,,PERSONAL,3000,5.79,0.07,4,0
21,41000,MORTGAGE,2,PERSONAL,8200,6.91,0.2,3,0
23,35000,MORTGAGE,7,EDUCATION,5000,12.98,0.14,3,1
22,41000,MORTGAGE,0,EDUCATION,6000,11.86,0.15,2,0
23,69000,RENT,7,MEDICAL,4800,10.75,0.07,2,0
23,70000,RENT,2,PERSONAL,4800,,0.07,2,0
26,72000,RENT,4,HOMEIMPROVEMENT,4800,11.86,0.07,3,0
24,72096,RENT,2,HOMEIMPROVEMENT,4800,7.14,0.07,2,0
22,67200,RENT,6,DEBTCONSOLIDATION,4800,16.7,0.07,2,1
24,69000,RENT,2,DEBTCONSOLIDATION,4800,15.21,0.07,4,1
22,75000,RENT,0,DEBTCONSOLIDATION,4800,12.21,0.06,2,0
24,41000,OWN,9,HOMEIMPROVEMENT,10000,15.33,0.24,4,0
24,41000,MORTGAGE,3,DEBTCONSOLIDATION,9000,9.88,0.22,2,0
23,41000,MORTGAGE,7,VENTURE,10000,14.96,0.24,2,0
22,41000,MORTGAGE,0,DEBTCONSOLIDATION,7750,9.88,0.19,3,0
23,86000,RENT,0,VENTURE,4800,9.62,0.06,3,0
26,89000,RENT,,EDUCATION,4800,5.99,0.05,2,0
21,90000,RENT,3,EDUCATION,4800,9.62,0.05,3,0
23,92000,RENT,5,MEDICAL,4800,10,0.05,3,0
22,41000,OWN,6,MEDICAL,2500,14.96,0.06,4,0
26,95000,RENT,4,DEBTCONSOLIDATION,4800,,0.05,4,0
22,41000,MORTGAGE,4,VENTURE,6000,8.59,0.15,4,0
24,103641,RENT,8,VENTURE,4800,10.74,0.05,2,0
24,105000,RENT,5,HOMEIMPROVEMENT,4800,,0.05,2,0
22,41000,MORTGAGE,2,EDUCATION,3000,12.18,0.07,4,0
21,41000,OWN,5,PERSONAL,5000,7.74,0.12,3,0
22,115000,RENT,4,MEDICAL,4800,7.88,0.04,2,0
25,120000,RENT,9,PERSONAL,4800,14.22,0.04,3,0
23,41000,MORTGAGE,5,DEBTCONSOLIDATION,6000,9.32,0.15,3,0
24,125000,RENT,6,PERSONAL,4800,6.76,0.04,3,0
23,41000,MORTGAGE,0,VENTURE,4500,10.95,0.11,4,0
22,23000,RENT,6,VENTURE,4850,14.27,0.21,4,0
24,40000,RENT,0,EDUCATION,4850,6.62,0.12,2,0
24,54000,RENT,0,HOMEIMPROVEMENT,4850,8.49,0.09,2,0
23,41000,MORTGAGE,4,MEDICAL,7500,10.71,0.18,2,0
23,41000,MORTGAGE,7,DEBTCONSOLIDATION,5500,10.71,0.13,4,0
25,21600,RENT,0,EDUCATION,4900,13.72,0.23,2,0
21,41004,MORTGAGE,5,VENTURE,24250,10.75,0.59,2,0
25,41004,OWN,9,VENTURE,4000,6.76,0.1,3,0
25,41004,OWN,1,PERSONAL,12000,,0.29,2,0
23,95000,RENT,4,PERSONAL,10000,10.99,0.11,4,0
26,41004,MORTGAGE,5,VENTURE,16000,10.95,0.39,3,0
23,41004,MORTGAGE,8,VENTURE,10000,9.32,0.24,4,0
25,83000,RENT,0,EDUCATION,10000,13.22,0.12,3,1
23,96000,RENT,7,PERSONAL,10000,10.65,0.1,3,0
26,96000,RENT,11,HOMEIMPROVEMENT,10000,19.69,0.1,3,0
21,41033,MORTGAGE,2,DEBTCONSOLIDATION,5700,12.99,0.14,4,0
24,41100,OWN,,PERSONAL,5600,6.03,0.14,3,0
24,41100,OWN,2,VENTURE,9200,12.42,0.22,2,0
23,97000,RENT,7,EDUCATION,10000,13.99,0.1,3,0
24,97850,RENT,5,HOMEIMPROVEMENT,10000,7.51,0.1,4,0
25,98000,RENT,9,DEBTCONSOLIDATION,10000,12.69,0.1,4,0
23,41196,MORTGAGE,7,EDUCATION,16000,11.83,0.39,2,0
26,99000,RENT,5,PERSONAL,10000,7.29,0.1,2,0
25,99275,RENT,1,PERSONAL,10000,14.65,0.1,3,0
21,41200,OWN,3,PERSONAL,8000,11.48,0.19,3,0
24,87996,RENT,8,DEBTCONSOLIDATION,10000,14.84,0.11,2,1
22,99996,RENT,1,EDUCATION,10000,9.32,0.1,4,0
22,100000,RENT,3,EDUCATION,10000,10.65,0.1,3,0
24,100000,RENT,5,PERSONAL,10000,7.51,0.1,3,0
25,100000,RENT,3,VENTURE,10000,6.62,0.1,4,0
25,88000,RENT,9,EDUCATION,10000,17.88,0.11,4,1
24,100000,RENT,4,HOMEIMPROVEMENT,10000,16.4,0.1,2,0
21,88000,RENT,,VENTURE,10000,17.93,0.11,3,1
23,100000,RENT,0,PERSONAL,10000,11.46,0.1,2,0
21,102000,RENT,5,EDUCATION,10000,,0.1,3,0
23,41496,OWN,4,VENTURE,7200,,0.17,2,0
26,102000,RENT,5,MEDICAL,10000,8.59,0.1,2,0
25,107000,RENT,0,VENTURE,10000,8.38,0.09,3,0
24,41500,MORTGAGE,8,EDUCATION,8500,7.14,0.2,4,0
23,107500,RENT,7,MEDICAL,10000,7.66,0.09,2,0
26,96000,RENT,2,EDUCATION,10000,15.28,0.1,2,1
25,41508,MORTGAGE,9,EDUCATION,1600,13.11,0.04,3,0
23,98000,RENT,0,EDUCATION,10000,16.4,0.1,2,1
25,41520,OWN,9,MEDICAL,4400,7.29,0.11,2,0
23,110000,RENT,5,DEBTCONSOLIDATION,10000,7.88,0.09,2,0
22,41600,OWN,4,EDUCATION,12000,12.42,0.29,2,0
22,41600,MORTGAGE,0,DEBTCONSOLIDATION,6800,10.59,0.16,3,0
23,41600,MORTGAGE,7,EDUCATION,7000,13.43,0.17,3,0
26,113000,RENT,3,HOMEIMPROVEMENT,10000,13.72,0.09,3,0
24,41600,MORTGAGE,0,HOMEIMPROVEMENT,10000,8.94,0.24,2,0
22,41600,MORTGAGE,2,EDUCATION,3000,15.05,0.07,3,0
24,114800,RENT,6,PERSONAL,10000,8.94,0.09,4,0
22,41604,OWN,1,PERSONAL,14400,,0.35,4,0
25,41664,MORTGAGE,6,HOMEIMPROVEMENT,4000,5.99,0.1,2,0
25,115000,RENT,6,MEDICAL,10000,7.29,0.09,4,0
22,41717,OWN,5,VENTURE,20000,11.12,0.48,4,0
25,41718,OWN,3,VENTURE,5000,7.51,0.12,2,0
25,115000,RENT,3,MEDICAL,10000,10.37,0.09,2,0
21,35760,MORTGAGE,5,HOMEIMPROVEMENT,2400,,0.07,3,1
25,116000,RENT,5,DEBTCONSOLIDATION,10000,14.26,0.09,4,0
22,41784,MORTGAGE,6,DEBTCONSOLIDATION,5000,6.03,0.12,2,0
22,41800,MORTGAGE,3,VENTURE,3100,6.76,0.07,4,0
22,41820,MORTGAGE,4,PERSONAL,2500,6.91,0.06,3,0
21,120000,RENT,2,DEBTCONSOLIDATION,10000,11.71,0.08,3,0
21,120000,RENT,4,DEBTCONSOLIDATION,10000,9.99,0.08,3,0
26,120000,RENT,11,HOMEIMPROVEMENT,10000,12.68,0.08,2,0
23,35941,MORTGAGE,7,HOMEIMPROVEMENT,3500,13.35,0.1,2,1
24,120000,RENT,3,MEDICAL,10000,7.88,0.08,2,0
24,120000,RENT,4,HOMEIMPROVEMENT,10000,13.61,0.08,4,0
23,91800,RENT,7,MEDICAL,10000,,0.09,4,1
25,120000,RENT,3,DEBTCONSOLIDATION,10000,9.32,0.08,2,0
23,120000,RENT,0,DEBTCONSOLIDATION,10000,11.66,0.08,2,0
24,42000,MORTGAGE,5,DEBTCONSOLIDATION,19200,7.9,0.46,2,0
26,122500,RENT,1,MEDICAL,10000,10.65,0.08,3,0
25,42000,MORTGAGE,,DEBTCONSOLIDATION,3000,9.91,0.07,4,0
23,124000,RENT,2,PERSONAL,10000,14.27,0.08,3,0
22,42000,MORTGAGE,1,PERSONAL,10500,14.65,0.25,2,0
26,125000,RENT,6,VENTURE,10000,7.49,0.08,2,0
25,130000,RENT,7,HOMEIMPROVEMENT,10000,7.49,0.08,2,0
22,36000,MORTGAGE,6,DEBTCONSOLIDATION,4000,12.69,0.11,4,1
21,36000,MORTGAGE,2,MEDICAL,5000,14.27,0.14,2,1
25,42000,MORTGAGE,9,HOMEIMPROVEMENT,12000,9.91,0.29,2,0
23,42000,MORTGAGE,0,PERSONAL,6000,16.77,0.14,3,0
25,42000,MORTGAGE,1,VENTURE,13975,8.9,0.33,4,0
25,132000,RENT,4,HOMEIMPROVEMENT,10000,12.84,0.08,3,0
22,42000,MORTGAGE,6,EDUCATION,15000,13.49,0.36,4,0
22,140000,RENT,0,EDUCATION,10000,9.99,0.07,2,0
24,140000,RENT,0,HOMEIMPROVEMENT,10000,11.14,0.07,2,0
24,42000,MORTGAGE,5,EDUCATION,4900,6.03,0.12,4,0
24,42000,OWN,8,EDUCATION,8000,6.62,0.19,4,0
22,42000,MORTGAGE,5,VENTURE,5400,6.03,0.13,3,0
22,42000,OWN,6,VENTURE,4800,,0.11,3,0
26,145000,RENT,1,HOMEIMPROVEMENT,10000,10.99,0.07,3,0
22,42000,MORTGAGE,,VENTURE,3500,9.91,0.08,2,0
24,42000,MORTGAGE,3,EDUCATION,8675,7.51,0.21,4,0
23,157500,RENT,1,EDUCATION,10000,12.69,0.06,2,0
25,42000,OWN,6,EDUCATION,18000,,0.43,2,0
22,160000,RENT,0,VENTURE,10000,8.94,0.06,3,0
25,153000,RENT,9,DEBTCONSOLIDATION,10000,14.96,0.07,4,1
24,165000,RENT,2,PERSONAL,10000,9.2,0.06,3,0
24,42000,MORTGAGE,6,MEDICAL,3125,8.9,0.07,3,0
25,175000,RENT,4,HOMEIMPROVEMENT,10000,15.05,0.06,4,0
24,238000,RENT,2,VENTURE,10000,13.67,0.04,2,1
22,42000,MORTGAGE,7,DEBTCONSOLIDATION,9350,12.69,0.22,2,0
24,42000,MORTGAGE,,VENTURE,8000,6.62,0.19,3,0
24,24148,RENT,1,EDUCATION,9975,11.48,0.41,4,1
22,29004,RENT,,EDUCATION,9975,,0.34,2,1
24,46000,RENT,2,VENTURE,9975,13.11,0.22,3,0
22,60000,RENT,6,VENTURE,9975,11.48,0.17,4,0
22,42000,MORTGAGE,6,MEDICAL,3000,6.03,0.07,2,0
23,65000,RENT,0,VENTURE,9975,7.51,0.15,2,0
23,42000,OWN,5,VENTURE,6500,6.03,0.15,2,0
22,72000,RENT,0,VENTURE,9975,10.99,0.14,3,0
22,42000,OWN,6,PERSONAL,10000,6.03,0.24,2,0
25,42000,MORTGAGE,9,EDUCATION,9100,,0.22,3,0
22,83200,RENT,6,DEBTCONSOLIDATION,9975,,0.12,3,0
25,26880,RENT,1,VENTURE,4900,14.26,0.18,4,0
21,42000,OWN,5,EDUCATION,5000,17.49,0.12,2,0
22,26400,RENT,6,EDUCATION,9900,11.71,0.38,4,1
22,30000,RENT,4,VENTURE,9875,7.29,0.33,3,1
23,42000,MORTGAGE,7,EDUCATION,8000,10.99,0.19,4,0
26,28000,RENT,5,VENTURE,9800,7.29,0.35,4,1
22,33000,RENT,,DEBTCONSOLIDATION,9800,,0.3,2,1
25,36000,RENT,3,EDUCATION,9800,10.36,0.27,4,0
23,48000,RENT,7,DEBTCONSOLIDATION,9800,7.88,0.2,4,0
23,44000,RENT,7,EDUCATION,9800,7.51,0.22,2,1
24,42000,MORTGAGE,4,HOMEIMPROVEMENT,12000,6.99,0.29,3,0
23,44000,RENT,7,MEDICAL,9800,13.11,0.22,2,1
24,42000,MORTGAGE,8,PERSONAL,1000,11.49,0.02,4,0
26,36000,MORTGAGE,3,EDUCATION,11000,10.59,0.31,4,1
24,53500,RENT,0,HOMEIMPROVEMENT,9800,6.17,0.18,4,0
23,60000,RENT,4,EDUCATION,9800,13.49,0.16,2,0
22,60000,RENT,4,PERSONAL,9800,,0.16,3,0
25,60000,RENT,4,PERSONAL,9800,,0.16,3,0
24,82500,RENT,8,MEDICAL,9800,7.51,0.12,4,0
23,66300,RENT,7,MEDICAL,9800,15.7,0.13,2,1
22,42000,OWN,3,VENTURE,7000,,0.17,3,0
26,93000,RENT,7,HOMEIMPROVEMENT,9800,10.25,0.11,4,0
25,42000,MORTGAGE,2,EDUCATION,7200,14.79,0.17,2,0
26,107000,RENT,2,MEDICAL,9800,8.9,0.09,3,0
23,36000,MORTGAGE,7,HOMEIMPROVEMENT,6725,11.49,0.19,2,1
21,42000,MORTGAGE,5,EDUCATION,7000,15.23,0.17,4,0
23,36504,RENT,0,EDUCATION,4900,12.68,0.13,2,0
25,32400,RENT,2,MEDICAL,4900,11.49,0.15,2,1
23,42000,RENT,2,EDUCATION,4900,14.72,0.12,4,0
22,42000,MORTGAGE,6,EDUCATION,14750,12.99,0.35,4,0
22,42000,MORTGAGE,6,EDUCATION,6000,12.99,0.14,2,0
22,42000,MORTGAGE,5,VENTURE,5000,6.99,0.12,4,0
26,36000,MORTGAGE,1,HOMEIMPROVEMENT,4500,10.59,0.13,2,1
23,50000,RENT,0,EDUCATION,4900,8.49,0.1,3,0
21,50000,RENT,5,EDUCATION,4900,8.94,0.1,2,0
24,51630,RENT,0,MEDICAL,4900,9.99,0.09,3,0
23,54096,RENT,2,PERSONAL,4900,,0.09,2,0
23,42000,MORTGAGE,7,VENTURE,8000,5.42,0.19,3,0
24,69600,RENT,8,PERSONAL,4900,9.99,0.07,2,0
23,42000,MORTGAGE,7,PERSONAL,12000,15.23,0.29,3,0
21,42000,OWN,5,MEDICAL,8000,9.99,0.19,4,0
24,74000,RENT,1,PERSONAL,4900,12.87,0.07,3,0
23,107000,RENT,2,DEBTCONSOLIDATION,4900,8.94,0.05,2,0
25,13296,RENT,,HOMEIMPROVEMENT,4950,9.63,0.37,3,1
22,15000,RENT,3,PERSONAL,4950,8.9,0.33,4,1
24,42000,MORTGAGE,9,PERSONAL,11000,5.42,0.26,4,0
24,42000,MORTGAGE,2,PERSONAL,10000,7.49,0.24,4,0
24,36000,MORTGAGE,5,MEDICAL,4000,15.23,0.11,3,1
22,34000,RENT,3,DEBTCONSOLIDATION,4975,7.51,0.15,2,1
24,75000,RENT,0,DEBTCONSOLIDATION,4975,6.76,0.07,4,0
22,95000,RENT,0,MEDICAL,4975,6.17,0.05,3,0
23,42000,OWN,0,PERSONAL,6000,5.42,0.14,2,0
23,27972,RENT,6,VENTURE,5000,8.94,0.18,3,0
22,27996,RENT,1,VENTURE,5000,17.51,0.18,4,1
24,42000,MORTGAGE,4,VENTURE,1200,11.49,0.03,3,0
22,27996,RENT,4,MEDICAL,5000,,0.18,3,0
24,42000,MORTGAGE,8,HOMEIMPROVEMENT,2500,15.28,0.06,2,0
23,28000,RENT,4,DEBTCONSOLIDATION,5000,13.72,0.18,4,1
23,28000,RENT,0,MEDICAL,5000,11.78,0.18,4,0
24,28000,RENT,0,MEDICAL,5000,7.68,0.18,3,0
25,28800,RENT,0,EDUCATION,5000,8.9,0.17,2,0
22,28800,RENT,6,EDUCATION,5000,6.91,0.17,2,0
23,28800,RENT,0,EDUCATION,5000,11.49,0.17,2,0
23,42000,MORTGAGE,8,MEDICAL,7600,6,0.18,2,0
22,42000,MORTGAGE,4,PERSONAL,7050,,0.17,4,0
23,28800,RENT,2,VENTURE,5000,13.11,0.17,3,0
23,29100,RENT,3,EDUCATION,5000,14.84,0.17,2,0
24,29120,RENT,0,EDUCATION,5000,10.99,0.17,4,0
23,29730,RENT,2,DEBTCONSOLIDATION,5000,7.66,0.17,4,0
22,29865,RENT,6,EDUCATION,5000,11.12,0.17,3,1
21,42000,MORTGAGE,1,DEBTCONSOLIDATION,2500,7.29,0.06,4,0
26,30000,RENT,2,EDUCATION,5000,12.42,0.17,2,1
25,30000,RENT,,EDUCATION,5000,7.9,0.17,3,0
24,42000,MORTGAGE,8,DEBTCONSOLIDATION,22250,11.11,0.53,3,0
24,30000,RENT,6,DEBTCONSOLIDATION,5000,12.69,0.17,4,1
26,30000,RENT,4,PERSONAL,5000,,0.17,2,0
23,36000,MORTGAGE,7,HOMEIMPROVEMENT,10750,,0.3,3,1
22,30000,RENT,2,EDUCATION,5000,,0.17,2,0
23,30000,RENT,,HOMEIMPROVEMENT,5000,12.99,0.17,2,1
22,42000,OWN,2,VENTURE,9000,7.66,0.21,2,0
26,30000,RENT,11,MEDICAL,5000,,0.17,2,0
22,30000,RENT,0,HOMEIMPROVEMENT,5000,8.88,0.17,3,1
23,30000,RENT,0,EDUCATION,5000,,0.17,3,0
25,30000,RENT,4,EDUCATION,5000,11.86,0.17,2,0
24,42000,OWN,7,VENTURE,12000,7.66,0.29,3,0
22,30000,RENT,0,EDUCATION,5000,11.49,0.17,2,0
23,30000,RENT,0,PERSONAL,5000,11.86,0.17,2,0
21,30000,RENT,0,VENTURE,5000,8.59,0.17,2,0
21,30000,RENT,2,PERSONAL,5000,14.96,0.17,2,1
25,42000,MORTGAGE,9,HOMEIMPROVEMENT,3250,10,0.08,3,0
21,30000,RENT,3,VENTURE,5000,13.92,0.17,4,0
24,30000,RENT,0,EDUCATION,5000,11.14,0.17,2,0
21,36000,MORTGAGE,0,EDUCATION,14000,6.54,0.39,4,1
26,30000,RENT,7,DEBTCONSOLIDATION,5000,14.42,0.17,4,1
23,30000,RENT,0,PERSONAL,5000,11.59,0.17,4,0
22,30000,RENT,0,EDUCATION,5000,10.33,0.17,3,0
23,30159,RENT,0,EDUCATION,5000,11.12,0.17,2,0
25,42000,MORTGAGE,3,HOMEIMPROVEMENT,10000,5.42,0.24,2,0
22,42000,OWN,0,EDUCATION,12000,,0.29,4,0
22,30900,RENT,3,VENTURE,5000,10,0.16,2,0
23,42000,MORTGAGE,2,VENTURE,1500,6.17,0.04,3,0
26,31000,RENT,4,EDUCATION,5000,14.96,0.16,3,0
22,31000,RENT,2,MEDICAL,5000,10.62,0.16,4,0
25,31000,RENT,0,PERSONAL,5000,8.94,0.16,2,0
26,31200,RENT,8,EDUCATION,5000,8.63,0.16,2,0
22,31404,RENT,0,PERSONAL,5000,7.51,0.16,3,0
25,42000,MORTGAGE,,VENTURE,3500,10.36,0.08,2,0
23,31920,RENT,0,DEBTCONSOLIDATION,5000,8,0.16,3,0
23,42000,MORTGAGE,3,EDUCATION,11000,6.54,0.26,3,0
21,42000,OWN,5,VENTURE,12250,8.88,0.29,4,0
25,32000,RENT,9,VENTURE,5000,14.27,0.16,4,1
23,32000,RENT,4,HOMEIMPROVEMENT,5000,12.69,0.16,4,1
26,32000,RENT,3,VENTURE,5000,6.03,0.16,2,0
22,36000,MORTGAGE,3,DEBTCONSOLIDATION,7000,14.84,0.19,3,1
23,32000,RENT,3,DEBTCONSOLIDATION,5000,14.79,0.16,2,0
24,42000,MORTGAGE,6,VENTURE,9250,11.12,0.22,4,0
26,32000,RENT,3,DEBTCONSOLIDATION,5000,7.49,0.16,2,0
24,32000,RENT,1,MEDICAL,5000,,0.16,3,0
26,32000,RENT,10,PERSONAL,5000,12.53,0.16,3,0
21,32000,RENT,3,EDUCATION,5000,7.68,0.16,4,0
24,32004,RENT,3,DEBTCONSOLIDATION,5000,13.23,0.16,2,0
25,32004,RENT,5,DEBTCONSOLIDATION,5000,14.35,0.16,3,0
24,42000,MORTGAGE,8,PERSONAL,12000,10.38,0.29,4,0
23,32400,RENT,0,MEDICAL,5000,,0.15,2,0
24,42000,MORTGAGE,7,MEDICAL,4200,13.23,0.1,2,0
24,36000,MORTGAGE,8,HOMEIMPROVEMENT,6000,7.14,0.17,4,1
22,32760,RENT,3,PERSONAL,5000,13.48,0.15,3,0
22,32968,RENT,2,DEBTCONSOLIDATION,5000,14.61,0.15,3,1
26,33000,RENT,2,MEDICAL,5000,12.69,0.15,4,0
26,36000,MORTGAGE,2,HOMEIMPROVEMENT,6000,11.49,0.17,2,1
23,33000,RENT,5,PERSONAL,5000,10.62,0.15,2,0
23,42000,MORTGAGE,0,DEBTCONSOLIDATION,11000,7.88,0.26,2,0
22,33000,RENT,1,DEBTCONSOLIDATION,5000,10.25,0.15,4,0
24,33000,RENT,8,MEDICAL,5000,,0.15,3,0
21,33000,RENT,5,EDUCATION,5000,12.84,0.15,2,0
24,42000,OWN,7,MEDICAL,3000,7.51,0.07,2,0
23,33017,RENT,1,PERSONAL,5000,,0.15,4,0
26,33280,RENT,11,DEBTCONSOLIDATION,5000,14.11,0.15,4,1
23,33600,RENT,3,VENTURE,5000,13.49,0.15,4,0
21,33600,RENT,4,EDUCATION,5000,13.49,0.15,3,0
21,42000,MORTGAGE,3,EDUCATION,13750,11.36,0.33,4,0
21,33996,RENT,0,PERSONAL,5000,12.18,0.15,3,0
25,33996,RENT,0,VENTURE,5000,9.38,0.15,3,0
24,42000,MORTGAGE,3,MEDICAL,8500,7.51,0.2,4,0
25,34000,RENT,6,VENTURE,5000,,0.15,2,0
23,34000,RENT,4,VENTURE,5000,7.88,0.15,4,0
21,42000,MORTGAGE,6,EDUCATION,3500,7.51,0.08,2,0
22,34000,RENT,3,DEBTCONSOLIDATION,5000,8,0.15,4,0
25,34400,RENT,9,VENTURE,5000,13.49,0.15,4,0
22,34500,RENT,1,VENTURE,5000,,0.14,4,0
23,34800,RENT,1,HOMEIMPROVEMENT,5000,10.99,0.14,2,1
23,42000,MORTGAGE,7,EDUCATION,10000,14.59,0.24,2,0
24,34900,RENT,3,DEBTCONSOLIDATION,5000,11.49,0.14,3,0
22,34992,RENT,1,PERSONAL,5000,,0.14,3,0
24,35000,RENT,4,MEDICAL,5000,11.71,0.14,3,0
25,35000,RENT,0,MEDICAL,5000,11.71,0.14,2,0
21,35000,RENT,5,MEDICAL,5000,10.65,0.14,3,0
22,35000,RENT,2,MEDICAL,5000,11.71,0.14,2,0
23,35000,RENT,5,PERSONAL,5000,6.99,0.14,2,0
26,29000,RENT,6,MEDICAL,5000,12.99,0.17,2,1
25,36000,MORTGAGE,6,MEDICAL,10000,,0.28,2,1
23,42000,MORTGAGE,2,EDUCATION,5200,10.25,0.12,4,0
22,35000,RENT,6,MEDICAL,5000,,0.14,4,0
23,35000,RENT,3,MEDICAL,5000,,0.14,2,0
25,35000,RENT,3,MEDICAL,5000,10.36,0.14,3,0
22,35000,RENT,3,DEBTCONSOLIDATION,5000,7.88,0.14,3,0
24,35000,RENT,8,DEBTCONSOLIDATION,5000,7.88,0.14,4,0
22,35000,RENT,4,PERSONAL,5000,13.23,0.14,2,0
25,42000,MORTGAGE,5,DEBTCONSOLIDATION,7000,8.59,0.17,3,0
25,36000,MORTGAGE,2,DEBTCONSOLIDATION,13750,13.22,0.38,4,1
26,42000,MORTGAGE,0,VENTURE,4500,11.48,0.11,3,0
25,29000,RENT,3,DEBTCONSOLIDATION,5000,15.7,0.17,3,1
22,42000,MORTGAGE,6,MEDICAL,5000,8.94,0.12,2,0
23,29000,RENT,1,MEDICAL,5000,,0.17,3,1
24,29004,RENT,4,EDUCATION,5000,6.92,0.17,3,1
23,35004,RENT,4,MEDICAL,5000,14.72,0.14,3,0
25,42000,MORTGAGE,2,PERSONAL,6000,8.94,0.14,2,0
24,42000,MORTGAGE,2,HOMEIMPROVEMENT,7000,8.59,0.17,2,0
25,35004,RENT,3,PERSONAL,5000,8.94,0.14,2,0
23,35520,RENT,3,EDUCATION,5000,13.57,0.14,3,0
21,35550,RENT,3,PERSONAL,5000,,0.14,4,0
26,35880,RENT,2,VENTURE,5000,7.68,0.14,4,0
22,30000,RENT,3,MEDICAL,5000,18.25,0.17,2,1
21,42000,OTHER,5,DEBTCONSOLIDATION,12000,14.26,0.29,4,0
23,36000,RENT,1,EDUCATION,5000,14.79,0.14,2,0
21,36000,RENT,3,EDUCATION,5000,12.99,0.14,4,0
23,30000,RENT,7,PERSONAL,5000,14.17,0.17,3,1
26,36000,RENT,4,VENTURE,5000,10.37,0.14,4,0
23,42000,MORTGAGE,1,PERSONAL,5750,13.57,0.14,3,0
22,30000,RENT,2,DEBTCONSOLIDATION,5000,14.54,0.17,4,1
23,36000,RENT,0,EDUCATION,5000,,0.14,3,0
23,36000,RENT,,DEBTCONSOLIDATION,5000,6.17,0.14,2,0
22,30000,RENT,6,MEDICAL,5000,17.43,0.17,2,1
26,42000,MORTGAGE,4,MEDICAL,15000,11.26,0.36,4,0
23,42000,OWN,7,PERSONAL,4400,11.89,0.1,4,0
22,30000,RENT,4,VENTURE,5000,15.21,0.17,3,1
24,30000,RENT,1,HOMEIMPROVEMENT,5000,15.7,0.17,4,1
22,36000,RENT,,MEDICAL,5000,13.48,0.14,3,0
23,36000,RENT,1,MEDICAL,5000,13.22,0.14,4,0
23,36100,RENT,2,EDUCATION,5000,7.49,0.14,4,0
22,42000,MORTGAGE,1,EDUCATION,13000,,0.31,4,0
25,42000,OWN,9,HOMEIMPROVEMENT,8000,9.63,0.19,2,0
26,36225,RENT,2,VENTURE,5000,12.84,0.14,4,0
24,36396,RENT,8,DEBTCONSOLIDATION,5000,6.03,0.14,3,0
26,36400,RENT,3,MEDICAL,5000,8.9,0.14,4,0
25,36480,RENT,4,DEBTCONSOLIDATION,5000,6.54,0.14,2,0
22,36996,RENT,3,VENTURE,5000,9.99,0.14,3,0
23,42000,MORTGAGE,3,EDUCATION,5400,11.78,0.13,4,0
24,42000,OWN,1,VENTURE,7500,10.51,0.18,3,0
22,36996,RENT,0,MEDICAL,5000,5.42,0.14,2,0
24,42000,MORTGAGE,2,PERSONAL,2000,11.28,0.05,2,0
22,37000,RENT,4,PERSONAL,5000,10.65,0.14,4,0
26,36000,MORTGAGE,10,HOMEIMPROVEMENT,5000,12.29,0.14,3,1
22,37500,RENT,4,PERSONAL,5000,11.03,0.13,3,0
26,42000,MORTGAGE,11,EDUCATION,15075,12.92,0.36,2,0
23,31516,RENT,,DEBTCONSOLIDATION,5000,9.91,0.16,4,1
23,42000,OWN,1,PERSONAL,5400,,0.13,2,0
23,42048,MORTGAGE,7,EDUCATION,8500,7.74,0.2,3,0
23,32000,RENT,,PERSONAL,5000,9.91,0.16,3,1
24,38000,RENT,8,MEDICAL,5000,13.99,0.13,4,0
23,32000,RENT,5,HOMEIMPROVEMENT,5000,,0.16,4,1
22,38000,RENT,0,EDUCATION,5000,7.29,0.13,3,0
21,38000,RENT,0,EDUCATION,5000,,0.13,4,0
23,42179,MORTGAGE,1,EDUCATION,10000,5.42,0.24,4,0
23,38000,RENT,0,MEDICAL,5000,11.58,0.13,3,0
25,32000,RENT,1,EDUCATION,5000,15.37,0.16,3,1
23,32000,RENT,2,VENTURE,5000,13.93,0.16,4,1
23,38004,RENT,5,VENTURE,5000,6.91,0.13,2,0
25,42240,OWN,10,HOMEIMPROVEMENT,8000,6.62,0.19,4,0
23,42240,MORTGAGE,3,EDUCATION,5500,12.73,0.13,3,0
24,42252,MORTGAGE,3,PERSONAL,8000,12.84,0.19,2,0
26,32352,RENT,0,VENTURE,5000,14.84,0.15,4,1
21,38400,RENT,5,PERSONAL,5000,10.59,0.13,4,0
25,42348,MORTGAGE,9,DEBTCONSOLIDATION,8000,,0.19,2,0
24,38400,RENT,3,MEDICAL,5000,10.99,0.13,2,0
24,38400,RENT,3,DEBTCONSOLIDATION,5000,11.14,0.13,3,0
24,33000,RENT,1,MEDICAL,5000,21.36,0.15,2,1
21,33996,RENT,3,PERSONAL,5000,9.25,0.15,3,1
23,33996,RENT,0,PERSONAL,5000,14.84,0.15,2,1
24,33996,RENT,2,HOMEIMPROVEMENT,5000,14.96,0.15,2,1
24,33996,RENT,2,VENTURE,5000,12.92,0.15,4,1
21,36588,MORTGAGE,5,DEBTCONSOLIDATION,1000,14.61,0.03,2,1
22,34000,RENT,6,PERSONAL,5000,,0.15,4,1
24,34000,RENT,2,EDUCATION,5000,12.23,0.15,2,1
22,34000,RENT,4,DEBTCONSOLIDATION,5000,12.73,0.15,3,1
21,34000,RENT,2,PERSONAL,5000,14.59,0.15,4,1
22,34500,RENT,2,MEDICAL,5000,16.89,0.14,3,1
25,34800,RENT,2,PERSONAL,5000,16.02,0.14,3,1
22,34800,RENT,0,MEDICAL,5000,15.21,0.14,2,1
22,35000,RENT,4,EDUCATION,5000,15.96,0.14,4,1
21,35000,RENT,6,PERSONAL,5000,14.79,0.14,2,1
25,35280,RENT,0,HOMEIMPROVEMENT,5000,14.96,0.14,3,1
22,36000,RENT,1,EDUCATION,5000,12.68,0.14,4,1
22,36000,RENT,5,MEDICAL,5000,16.32,0.14,4,1
24,36000,RENT,2,DEBTCONSOLIDATION,5000,14.59,0.14,2,1
23,36000,RENT,0,VENTURE,5000,13.22,0.14,4,1
24,37000,MORTGAGE,8,HOMEIMPROVEMENT,10000,,0.27,2,1
24,36100,RENT,4,DEBTCONSOLIDATION,5000,12.92,0.14,3,1
24,37000,RENT,3,MEDICAL,5000,16.45,0.14,3,1
22,37900,RENT,2,MEDICAL,5000,12.18,0.13,2,1
24,38500,RENT,0,MEDICAL,5000,14.84,0.13,2,1
24,37000,MORTGAGE,7,DEBTCONSOLIDATION,6250,7.14,0.17,4,1
24,39000,RENT,1,DEBTCONSOLIDATION,5000,16.77,0.13,3,1
22,39000,RENT,2,MEDICAL,5000,12.23,0.13,3,1
23,39000,RENT,3,DEBTCONSOLIDATION,5000,15.37,0.13,4,1
23,39600,RENT,4,MEDICAL,5000,14.84,0.13,2,1
24,39996,RENT,0,VENTURE,5000,14.11,0.13,3,1
26,40000,RENT,0,PERSONAL,5000,15.99,0.13,2,1
24,37000,MORTGAGE,0,MEDICAL,8500,12.53,0.23,2,1
25,41496,RENT,7,EDUCATION,5000,10.83,0.12,3,1
26,42000,RENT,3,PERSONAL,5000,13.99,0.12,3,1
23,37200,MORTGAGE,7,HOMEIMPROVEMENT,7000,10.59,0.19,2,1
21,42000,RENT,2,PERSONAL,5000,,0.12,4,1
23,37200,MORTGAGE,7,DEBTCONSOLIDATION,4000,7.66,0.11,2,1
23,42000,RENT,0,DEBTCONSOLIDATION,5000,,0.12,2,1
21,37200,MORTGAGE,3,MEDICAL,16800,6.17,0.45,2,1
24,37200,MORTGAGE,2,MEDICAL,8000,7.88,0.22,4,1
26,37200,MORTGAGE,10,DEBTCONSOLIDATION,16000,13.11,0.43,2,1
36,14004,RENT,0,MEDICAL,4800,15.28,0.34,15,1
39,56000,RENT,0,DEBTCONSOLIDATION,4800,16.7,0.09,12,1
37,59000,RENT,2,EDUCATION,4800,14.54,0.08,14,1
39,83400,RENT,2,EDUCATION,10000,16.4,0.12,14,1
37,103000,RENT,1,EDUCATION,10000,15.62,0.1,12,1
43,36000,MORTGAGE,,HOMEIMPROVEMENT,4000,6.62,0.11,16,1
40,73000,RENT,2,VENTURE,9975,16.29,0.14,16,1
36,24168,RENT,2,MEDICAL,9925,13.06,0.41,13,1
36,55200,RENT,3,MEDICAL,9900,14.84,0.18,13,1
42,29000,RENT,1,PERSONAL,5000,16.49,0.17,13,1
36,29000,RENT,0,MEDICAL,5000,16.45,0.17,13,1
39,34000,RENT,3,PERSONAL,5000,8.49,0.15,15,1
48,36655,MORTGAGE,,HOMEIMPROVEMENT,15000,12.69,0.41,16,1
45,34000,RENT,1,EDUCATION,5000,,0.15,11,1
36,37000,MORTGAGE,5,MEDICAL,3000,18.39,0.08,15,1
39,37200,RENT,1,EDUCATION,5000,15.62,0.13,15,1
38,39000,RENT,1,EDUCATION,5000,17.74,0.13,17,1
50,41496,RENT,9,DEBTCONSOLIDATION,5000,15.31,0.12,16,1
45,43800,RENT,0,EDUCATION,5000,,0.11,14,1
43,54000,RENT,0,HOMEIMPROVEMENT,9000,15.65,0.17,16,1
47,86000,RENT,0,HOMEIMPROVEMENT,9000,12.87,0.1,13,1
40,108000,RENT,10,HOMEIMPROVEMENT,9000,11.86,0.08,12,1
42,32400,RENT,1,DEBTCONSOLIDATION,8875,16.29,0.27,16,1
48,31824,RENT,18,MEDICAL,8800,15.62,0.28,11,1
36,44000,RENT,2,MEDICAL,5000,13.22,0.11,13,1
38,44000,RENT,0,PERSONAL,5000,15.65,0.11,14,1
39,24000,RENT,1,MEDICAL,8500,7.49,0.35,12,1
36,26000,RENT,,DEBTCONSOLIDATION,8500,10.62,0.33,14,1
37,27000,RENT,2,HOMEIMPROVEMENT,8500,8.49,0.31,17,1
43,46000,RENT,3,EDUCATION,5000,10.38,0.11,14,1
41,52106,RENT,4,DEBTCONSOLIDATION,5000,12.84,0.1,17,1
37,59000,RENT,0,PERSONAL,5000,14.84,0.08,14,1
44,54400,RENT,3,MEDICAL,5000,12.61,0.08,14,1
36,39600,MORTGAGE,17,EDUCATION,1800,14.09,0.05,17,1
38,108000,RENT,3,PERSONAL,5000,15.21,0.05,17,1
40,34500,RENT,2,PERSONAL,5400,12.61,0.16,13,1
37,54000,RENT,15,MEDICAL,5400,13.99,0.1,17,1
36,14400,RENT,0,EDUCATION,5500,17.56,0.38,11,1
37,40680,MORTGAGE,6,DEBTCONSOLIDATION,8000,15.21,0.2,13,1
37,54000,RENT,2,VENTURE,5500,13.23,0.1,12,1
38,30000,RENT,0,EDUCATION,5600,9.99,0.19,15,1
45,73000,RENT,0,EDUCATION,5600,15.27,0.08,11,1
48,39000,RENT,7,MEDICAL,5800,14.54,0.15,15,1
37,42000,MORTGAGE,,DEBTCONSOLIDATION,3000,6.17,0.07,13,1
38,18720,RENT,0,VENTURE,6000,15.99,0.32,12,1
38,25200,RENT,0,DEBTCONSOLIDATION,6000,14.59,0.24,12,1
48,42000,MORTGAGE,3,DEBTCONSOLIDATION,14400,12.87,0.34,17,1
48,30000,RENT,0,DEBTCONSOLIDATION,6000,12.42,0.2,12,1
38,32000,RENT,0,DEBTCONSOLIDATION,6000,11.36,0.19,16,1
43,33000,RENT,0,DEBTCONSOLIDATION,6000,15.62,0.18,14,1
40,32400,RENT,,HOMEIMPROVEMENT,6000,7.9,0.19,15,1
42,33564,RENT,5,PERSONAL,6000,16.29,0.18,15,1
39,42000,RENT,2,PERSONAL,6000,17.58,0.14,12,1
36,44000,RENT,2,HOMEIMPROVEMENT,6000,,0.14,12,1
40,44000,RENT,0,PERSONAL,6000,,0.14,12,1
37,44000,RENT,0,VENTURE,6000,17.04,0.14,17,1
48,49000,RENT,2,EDUCATION,6000,14.09,0.12,11,1
44,44000,MORTGAGE,2,VENTURE,5000,12.23,0.11,12,1
50,56100,RENT,3,MEDICAL,6000,16.49,0.09,14,1
36,44000,MORTGAGE,9,DEBTCONSOLIDATION,9400,13.3,0.21,15,1
36,44004,MORTGAGE,1,MEDICAL,1800,10,0.04,13,1
39,60520,RENT,6,MEDICAL,6000,15.33,0.08,15,1
36,25000,RENT,2,PERSONAL,6200,9.91,0.25,14,1
36,52000,RENT,2,DEBTCONSOLIDATION,7000,13.85,0.13,11,1
45,54000,RENT,3,EDUCATION,7000,,0.13,16,1
42,55392,RENT,17,DEBTCONSOLIDATION,7000,15.95,0.13,15,1
36,46000,MORTGAGE,6,PERSONAL,5350,15.27,0.12,12,1
37,14400,RENT,2,PERSONAL,6950,7.66,0.48,13,1
36,46800,MORTGAGE,20,MEDICAL,2800,7.51,0.06,12,1
40,52479,RENT,17,PERSONAL,6600,14.54,0.13,13,1
45,19368,RENT,0,HOMEIMPROVEMENT,6700,12.92,0.35,15,1
36,47000,MORTGAGE,4,MEDICAL,4900,14.11,0.1,11,1
38,48000,MORTGAGE,23,MEDICAL,9000,15.21,0.19,15,1
36,48000,MORTGAGE,3,EDUCATION,1500,13.92,0.03,13,1
37,48257,MORTGAGE,21,MEDICAL,7000,15.21,0.15,17,1
37,35000,RENT,0,DEBTCONSOLIDATION,7000,16.77,0.2,17,1
45,49000,OWN,5,MEDICAL,24250,19.03,0.49,11,1
40,38000,RENT,4,DEBTCONSOLIDATION,7000,15.99,0.18,16,1
36,49000,RENT,6,HOMEIMPROVEMENT,7000,10.74,0.14,16,1
41,58500,RENT,17,PERSONAL,7150,15.99,0.12,16,1
39,23000,RENT,,MEDICAL,7200,,0.31,17,1
37,29000,RENT,5,PERSONAL,7200,19.03,0.25,14,1
37,49000,MORTGAGE,3,MEDICAL,4000,15.65,0.08,17,1
36,49074,MORTGAGE,3,DEBTCONSOLIDATION,8000,15.68,0.16,14,1
39,49993,MORTGAGE,10,DEBTCONSOLIDATION,12600,16.89,0.25,15,1
43,19440,RENT,1,HOMEIMPROVEMENT,7500,9.01,0.39,11,1
38,26300,RENT,1,DEBTCONSOLIDATION,7500,13.47,0.29,12,1
36,51000,MORTGAGE,2,MEDICAL,10000,15.68,0.2,16,1
36,54000,RENT,2,HOMEIMPROVEMENT,7500,,0.14,14,1
39,117996,RENT,6,HOMEIMPROVEMENT,7500,13.24,0.06,14,1
48,128000,RENT,0,EDUCATION,7500,17.49,0.06,11,1
36,21324,RENT,0,DEBTCONSOLIDATION,7550,14.61,0.35,13,1
44,58000,MORTGAGE,13,VENTURE,6400,16.29,0.11,13,0
41,34560,RENT,8,DEBTCONSOLIDATION,7550,16.89,0.22,14,1
40,52000,MORTGAGE,6,HOMEIMPROVEMENT,7000,14.65,0.13,14,1
40,58000,MORTGAGE,9,EDUCATION,8000,18.79,0.14,12,0
36,80000,RENT,0,MEDICAL,7600,13.49,0.1,15,0
39,30000,RENT,1,HOMEIMPROVEMENT,7675,16,0.26,16,1
37,52700,RENT,1,VENTURE,7700,,0.15,13,0
40,63000,RENT,4,EDUCATION,7700,15.23,0.12,11,0
36,58000,MORTGAGE,12,PERSONAL,21600,6.54,0.37,14,0
37,29808,RENT,4,VENTURE,7750,,0.26,17,1
36,52000,MORTGAGE,11,PERSONAL,1500,11.36,0.03,17,1
43,58000,MORTGAGE,4,EDUCATION,9000,13.22,0.16,14,0
41,58000,MORTGAGE,6,DEBTCONSOLIDATION,5200,12.87,0.09,11,0
44,43000,RENT,3,DEBTCONSOLIDATION,7800,,0.18,13,0
46,58000,MORTGAGE,10,PERSONAL,6300,11.03,0.11,13,0
37,52200,MORTGAGE,2,DEBTCONSOLIDATION,16000,15.25,0.31,11,1
39,102000,RENT,4,EDUCATION,7800,11.99,0.08,11,0
42,18000,RENT,3,VENTURE,8000,6.91,0.44,17,1
45,59000,MORTGAGE,5,MEDICAL,9000,7.9,0.15,16,0
36,53000,MORTGAGE,5,HOMEIMPROVEMENT,10000,13.98,0.19,16,1
39,24000,RENT,,VENTURE,8000,13.8,0.33,12,1
37,59000,MORTGAGE,3,HOMEIMPROVEMENT,9000,10.25,0.15,13,0
36,24000,RENT,2,DEBTCONSOLIDATION,8000,13.61,0.33,14,1
37,59000,MORTGAGE,7,MEDICAL,11000,,0.19,17,0
43,25000,RENT,6,MEDICAL,8000,11.99,0.32,17,1
36,25000,RENT,4,MEDICAL,8000,15.65,0.32,13,1
36,59004,MORTGAGE,11,VENTURE,10000,7.51,0.17,15,0
40,59484,MORTGAGE,13,VENTURE,5500,7.14,0.09,11,0
44,28000,RENT,15,EDUCATION,8000,7.49,0.29,11,0
36,59617,MORTGAGE,14,HOMEIMPROVEMENT,21000,15.62,0.35,13,0
36,59800,MORTGAGE,20,VENTURE,18200,18.25,0.3,15,0
38,30000,RENT,6,MEDICAL,8000,,0.27,14,0
42,30000,RENT,5,VENTURE,8000,14.96,0.27,15,0
41,31000,RENT,3,VENTURE,8000,10.38,0.26,17,0
39,60000,MORTGAGE,1,EDUCATION,17000,14.65,0.28,14,0
48,32000,RENT,4,MEDICAL,8000,6.62,0.25,14,0
45,32000,RENT,0,DEBTCONSOLIDATION,8000,10.99,0.25,12,0
36,60000,MORTGAGE,7,DEBTCONSOLIDATION,17050,12.69,0.28,14,0
37,33600,RENT,3,PERSONAL,8000,,0.24,17,0
36,33996,RENT,12,PERSONAL,8000,,0.24,15,0
36,34000,RENT,2,DEBTCONSOLIDATION,8000,,0.24,16,0
39,35000,RENT,8,EDUCATION,8000,13.22,0.23,14,0
47,30000,RENT,5,DEBTCONSOLIDATION,8000,12.18,0.27,11,1
39,60000,MORTGAGE,6,DEBTCONSOLIDATION,12800,6.62,0.21,14,0
36,30500,RENT,3,HOMEIMPROVEMENT,8000,11.11,0.26,13,1
36,31000,RENT,2,MEDICAL,8000,14.11,0.26,12,1
37,54000,MORTGAGE,1,EDUCATION,3500,16.89,0.06,13,1
42,60000,MORTGAGE,1,MEDICAL,8000,5.42,0.13,13,0
40,60000,MORTGAGE,2,HOMEIMPROVEMENT,14400,5.42,0.24,12,0
46,60000,OWN,18,EDUCATION,4100,13.49,0.07,11,0
38,60000,MORTGAGE,22,VENTURE,2700,11.99,0.04,15,0
40,32000,RENT,2,DEBTCONSOLIDATION,8000,14.96,0.25,17,1
39,33100,RENT,3,DEBTCONSOLIDATION,8000,14.26,0.24,12,1
39,39996,RENT,9,EDUCATION,8000,7.14,0.2,16,0
50,60000,MORTGAGE,8,DEBTCONSOLIDATION,2000,7.49,0.03,15,0
41,60000,MORTGAGE,3,PERSONAL,16800,17.99,0.28,16,0
38,60000,MORTGAGE,7,DEBTCONSOLIDATION,8000,10.99,0.13,13,0
36,34000,RENT,0,HOMEIMPROVEMENT,8000,17.74,0.24,17,1
37,42000,RENT,5,DEBTCONSOLIDATION,8000,12.69,0.19,15,0
39,60000,MORTGAGE,22,PERSONAL,4000,10.59,0.07,12,0
46,60000,MORTGAGE,7,EDUCATION,3600,6.99,0.06,12,0
40,60000,MORTGAGE,1,HOMEIMPROVEMENT,3500,12.99,0.06,14,0
37,43000,RENT,0,MEDICAL,8000,11.49,0.19,13,0
43,60000,MORTGAGE,3,VENTURE,18000,10.99,0.3,11,0
39,44000,RENT,5,MEDICAL,8000,12.53,0.18,14,0
39,60000,OWN,7,VENTURE,6800,17.49,0.11,14,0
48,60000,MORTGAGE,8,MEDICAL,8000,10.37,0.13,17,0
37,45000,RENT,1,EDUCATION,8000,10.74,0.18,17,0
41,39000,RENT,2,PERSONAL,8000,14.84,0.21,14,1
38,60000,MORTGAGE,,DEBTCONSOLIDATION,12000,7.66,0.2,15,0
37,45000,RENT,0,EDUCATION,8000,9.63,0.18,17,0
36,60000,OWN,0,PERSONAL,10225,17.51,0.17,13,0
42,60000,MORTGAGE,4,HOMEIMPROVEMENT,8850,10.37,0.15,16,0
37,47004,RENT,5,EDUCATION,8000,,0.17,12,0
41,48000,RENT,7,EDUCATION,8000,5.99,0.17,15,0
48,60000,MORTGAGE,0,DEBTCONSOLIDATION,2500,7.29,0.04,11,0
41,60000,MORTGAGE,18,EDUCATION,4900,14.09,0.08,12,0
36,50000,RENT,4,PERSONAL,8000,17.49,0.16,14,0
43,50000,RENT,,HOMEIMPROVEMENT,8000,7.49,0.16,16,0
37,50000,RENT,5,HOMEIMPROVEMENT,8000,10.99,0.16,16,0
37,54000,MORTGAGE,21,DEBTCONSOLIDATION,25000,15.57,0.46,16,1
43,60000,MORTGAGE,2,MEDICAL,9250,5.79,0.15,17,0
43,50000,RENT,3,HOMEIMPROVEMENT,8000,12.84,0.16,17,0
41,60000,OWN,7,PERSONAL,12000,6.91,0.2,13,0
42,50000,RENT,3,HOMEIMPROVEMENT,8000,10.14,0.16,15,0
37,50000,RENT,1,DEBTCONSOLIDATION,8000,,0.16,16,0
47,44004,RENT,2,MEDICAL,8000,,0.18,11,1
36,50700,RENT,2,HOMEIMPROVEMENT,8000,10.99,0.16,17,0
41,60000,MORTGAGE,5,MEDICAL,3850,13.35,0.06,13,0
36,51000,RENT,5,MEDICAL,8000,13.47,0.16,13,0
39,60000,MORTGAGE,19,VENTURE,15000,6.91,0.25,14,0
41,54000,MORTGAGE,6,VENTURE,5000,13.23,0.09,12,1
36,60000,MORTGAGE,12,EDUCATION,15000,7.88,0.25,17,0
38,53052,RENT,0,MEDICAL,8000,,0.15,13,0
38,60000,MORTGAGE,9,VENTURE,10000,7.51,0.17,14,0
36,49000,RENT,0,DEBTCONSOLIDATION,8000,15.31,0.16,13,1
36,60000,MORTGAGE,6,MEDICAL,13750,7.51,0.23,12,0
41,57600,RENT,6,PERSONAL,8000,6.03,0.14,12,0
36,53126,RENT,1,MEDICAL,8000,,0.15,14,1
37,60000,MORTGAGE,4,DEBTCONSOLIDATION,12000,12.73,0.2,15,0
45,54000,MORTGAGE,1,EDUCATION,7750,16.07,0.14,13,1
43,60000,RENT,1,MEDICAL,8000,10.37,0.13,16,0
44,60000,MORTGAGE,4,HOMEIMPROVEMENT,15000,,0.25,13,0
40,60000,MORTGAGE,1,VENTURE,4800,14.59,0.08,11,0
39,60000,RENT,3,PERSONAL,8000,9.88,0.13,14,0
40,61500,RENT,3,PERSONAL,8000,11.48,0.13,17,0
39,60197,RENT,6,PERSONAL,5200,,0.09,11,0
38,60000,OWN,2,VENTURE,6000,14.96,0.1,14,0
43,60000,MORTGAGE,27,HOMEIMPROVEMENT,10000,9.88,0.17,16,0
44,68000,RENT,7,EDUCATION,5150,7.9,0.08,14,0
38,60000,MORTGAGE,9,EDUCATION,16000,16.35,0.27,17,0
36,20000,RENT,0,PERSONAL,5075,11.48,0.25,11,1
43,22800,RENT,0,MEDICAL,5075,10.59,0.22,12,0
46,27600,RENT,1,MEDICAL,5050,,0.18,11,0
39,54000,MORTGAGE,0,PERSONAL,6000,11.83,0.11,16,1
36,60000,MORTGAGE,2,EDUCATION,8000,13.92,0.13,15,0
20,34800,RENT,3,MEDICAL,7000,13.61,0.2,2,0
36,15000,RENT,0,PERSONAL,5000,10.59,0.33,11,1
40,60000,MORTGAGE,1,MEDICAL,12000,8.94,0.2,15,0
40,16800,RENT,8,PERSONAL,5000,8.94,0.3,17,1
37,60000,OWN,15,HOMEIMPROVEMENT,5000,9.32,0.08,12,0
39,60000,MORTGAGE,20,MEDICAL,7000,7.68,0.12,15,0
37,60000,MORTGAGE,17,HOMEIMPROVEMENT,6000,9.32,0.1,16,0
37,20004,RENT,0,DEBTCONSOLIDATION,5000,,0.25,12,0
40,60000,OWN,5,VENTURE,12000,9.63,0.2,13,0
47,21000,RENT,9,DEBTCONSOLIDATION,5000,15.99,0.24,16,1
37,21000,RENT,19,PERSONAL,5000,15.21,0.24,11,0
36,54000,MORTGAGE,1,MEDICAL,10000,14.93,0.19,11,1
37,24000,RENT,2,VENTURE,5000,14.65,0.21,14,0
44,60000,OWN,11,PERSONAL,11800,8.63,0.2,12,0
46,60000,MORTGAGE,1,EDUCATION,5000,11.72,0.08,16,0
36,24000,RENT,1,EDUCATION,5000,10.36,0.21,17,0
43,60000,MORTGAGE,6,MEDICAL,4800,9.64,0.08,13,0
39,24000,RENT,9,EDUCATION,5000,11.14,0.21,12,0
36,24960,RENT,3,VENTURE,5000,6.62,0.2,15,0
36,60996,MORTGAGE,8,DEBTCONSOLIDATION,15000,9.63,0.25,14,0
40,54996,MORTGAGE,6,PERSONAL,6000,9.76,0.11,14,1
44,26400,RENT,0,EDUCATION,5000,10,0.19,11,0
41,61000,MORTGAGE,7,DEBTCONSOLIDATION,15000,,0.25,11,0
39,61000,MORTGAGE,3,VENTURE,14000,16.29,0.23,17,0
41,61000,MORTGAGE,16,PERSONAL,8500,,0.14,14,0
37,27036,RENT,2,VENTURE,5000,11.49,0.18,11,0
38,27600,RENT,3,MEDICAL,5000,14.59,0.18,16,1
38,55000,MORTGAGE,4,DEBTCONSOLIDATION,25000,,0.45,14,1
42,61000,OWN,2,PERSONAL,14400,7.51,0.24,17,0
40,62000,RENT,3,DEBTCONSOLIDATION,8000,8.49,0.13,15,0
42,62000,RENT,2,PERSONAL,8000,9.63,0.13,11,0
36,61000,MORTGAGE,2,DEBTCONSOLIDATION,10000,10.25,0.16,12,0
36,62000,RENT,3,DEBTCONSOLIDATION,8000,11.12,0.13,13,0
45,61000,MORTGAGE,2,DEBTCONSOLIDATION,11600,13.48,0.19,11,0
37,61000,MORTGAGE,6,DEBTCONSOLIDATION,10000,13.57,0.16,15,0
45,61000,OWN,7,MEDICAL,20000,13.22,0.33,17,0
39,61250,MORTGAGE,0,PERSONAL,5200,8.49,0.08,17,0
37,61260,MORTGAGE,2,MEDICAL,6350,7.51,0.1,14,0
38,65004,RENT,1,DEBTCONSOLIDATION,8000,11.83,0.12,11,0
38,61450,OWN,6,VENTURE,12500,7.49,0.2,16,0
37,68500,RENT,2,PERSONAL,8000,7.51,0.12,16,0
36,68848,RENT,5,PERSONAL,8000,9.63,0.12,16,0
39,61766,MORTGAGE,4,EDUCATION,5500,7.14,0.09,15,0
20,42000,RENT,4,VENTURE,6500,11.71,0.15,2,0
45,56000,MORTGAGE,8,DEBTCONSOLIDATION,7000,16.29,0.13,12,1
49,60000,OWN,7,PERSONAL,7000,,0.12,13,0
40,62000,OWN,5,DEBTCONSOLIDATION,4800,,0.08,16,0
36,62000,MORTGAGE,0,VENTURE,6000,12.99,0.1,13,0
39,62000,OWN,3,PERSONAL,7200,7.49,0.12,12,0
39,75000,RENT,0,VENTURE,8000,6.54,0.11,15,0
40,62000,MORTGAGE,17,DEBTCONSOLIDATION,2600,7.66,0.04,14,0
37,74000,RENT,0,EDUCATION,8000,16.89,0.11,15,1
43,62000,MORTGAGE,11,HOMEIMPROVEMENT,5000,7.88,0.08,14,0
38,62000,MORTGAGE,3,HOMEIMPROVEMENT,15000,7.88,0.24,12,0
43,62000,MORTGAGE,2,EDUCATION,20000,10.25,0.32,14,0
36,87000,RENT,7,MEDICAL,8000,14.65,0.09,14,0
36,62000,MORTGAGE,15,DEBTCONSOLIDATION,7500,8.59,0.12,14,0
45,87000,RENT,8,DEBTCONSOLIDATION,8000,13.11,0.09,15,0
44,88000,RENT,8,EDUCATION,8000,10.38,0.09,12,0
36,62000,MORTGAGE,9,EDUCATION,4800,8,0.08,12,0
38,86105,RENT,2,MEDICAL,8000,6.54,0.08,17,1
37,108000,RENT,16,EDUCATION,8000,10.46,0.07,14,1
36,126252,RENT,18,MEDICAL,8000,7.14,0.06,11,0
39,116000,RENT,1,VENTURE,8000,15.27,0.07,11,1
36,62400,MORTGAGE,0,DEBTCONSOLIDATION,2400,7.49,0.04,14,0
36,62400,MORTGAGE,6,PERSONAL,12000,16.89,0.19,14,0
46,135000,RENT,7,VENTURE,8000,,0.06,14,0
36,62400,MORTGAGE,13,VENTURE,14100,12.98,0.23,14,0
40,164000,RENT,11,DEBTCONSOLIDATION,8000,,0.05,17,0
37,62400,MORTGAGE,5,VENTURE,10000,14.61,0.16,17,0
40,62400,MORTGAGE,7,EDUCATION,7000,19.13,0.11,12,0
48,40000,RENT,2,DEBTCONSOLIDATION,8050,12.98,0.2,13,0
41,62500,MORTGAGE,17,HOMEIMPROVEMENT,5000,8.49,0.08,15,0
45,140000,RENT,10,EDUCATION,8175,5.99,0.06,17,0
48,56500,MORTGAGE,9,DEBTCONSOLIDATION,15000,11.14,0.27,11,1
38,62691,OWN,17,VENTURE,6000,13.49,0.1,13,0
36,56900,MORTGAGE,16,VENTURE,6200,,0.11,11,1
45,63000,MORTGAGE,8,VENTURE,12000,9.91,0.19,13,0
37,33280,RENT,2,DEBTCONSOLIDATION,8400,13.92,0.25,11,0
38,36000,RENT,1,MEDICAL,8400,13.22,0.23,16,0
37,42000,RENT,2,VENTURE,8400,13.49,0.2,15,0
39,63000,MORTGAGE,0,PERSONAL,15000,,0.24,15,0
36,57000,MORTGAGE,11,HOMEIMPROVEMENT,1500,9.62,0.03,16,1
42,36000,RENT,7,MEDICAL,8400,16.32,0.23,15,1
38,42552,RENT,3,PERSONAL,8400,13.49,0.2,14,0
39,48000,RENT,3,MEDICAL,8400,12.53,0.17,17,0
42,44000,RENT,0,EDUCATION,8400,13.57,0.19,13,1
36,63000,MORTGAGE,7,MEDICAL,4200,7.14,0.07,13,0
46,48000,RENT,1,EDUCATION,8400,18.54,0.17,16,1
36,63177,MORTGAGE,3,MEDICAL,6250,7.49,0.1,12,0
37,70000,RENT,6,HOMEIMPROVEMENT,8400,7.49,0.12,15,0
38,63500,OWN,3,EDUCATION,2400,11.36,0.04,12,0
36,63599,MORTGAGE,10,HOMEIMPROVEMENT,5200,7.91,0.08,14,0
42,120000,MORTGAGE,18,PERSONAL,6000,10.38,0.05,11,0
41,120000,MORTGAGE,8,MEDICAL,20000,10.25,0.17,11,0
38,120000,MORTGAGE,2,DEBTCONSOLIDATION,24250,,0.2,12,0
49,61776,MORTGAGE,1,PERSONAL,12000,12.21,0.19,12,0
36,120000,MORTGAGE,5,HOMEIMPROVEMENT,25000,10.99,0.21,11,0
40,120000,OWN,15,MEDICAL,20000,,0.17,11,0
38,120000,OWN,11,VENTURE,23600,14.96,0.2,13,0
37,91800,MORTGAGE,0,MEDICAL,5000,19.47,0.05,16,1
39,25000,OWN,16,PERSONAL,8000,7.51,0.32,14,0
47,25000,OWN,2,PERSONAL,10750,14.22,0.43,16,0
40,120000,MORTGAGE,2,VENTURE,17000,10.51,0.14,15,0
42,108000,MORTGAGE,14,VENTURE,14400,13.67,0.13,16,1
36,120000,OWN,21,PERSONAL,10000,13.3,0.08,13,0
36,53550,RENT,1,MEDICAL,1600,12.21,0.03,16,1
37,120996,MORTGAGE,14,HOMEIMPROVEMENT,4000,7.66,0.03,15,0
39,11820,RENT,,MEDICAL,1500,11.11,0.13,11,0
39,121200,MORTGAGE,16,VENTURE,1450,6.76,0.01,17,0
43,122000,OWN,20,MEDICAL,12000,11.83,0.1,11,0
43,122500,MORTGAGE,4,EDUCATION,9150,6.03,0.07,12,0
37,123000,MORTGAGE,1,PERSONAL,35000,14.27,0.28,16,0
41,17000,RENT,0,PERSONAL,1500,15.23,0.09,13,1
46,17496,RENT,6,HOMEIMPROVEMENT,1500,11.14,0.09,13,1
38,123600,MORTGAGE,16,EDUCATION,12000,6.92,0.1,14,0
42,123735,MORTGAGE,8,DEBTCONSOLIDATION,6400,6.99,0.05,16,0
37,124000,MORTGAGE,4,HOMEIMPROVEMENT,30000,17.99,0.24,12,0
36,124000,MORTGAGE,2,DEBTCONSOLIDATION,2000,12.99,0.02,16,0
38,124000,MORTGAGE,8,VENTURE,12000,,0.1,16,0
37,124000,MORTGAGE,4,HOMEIMPROVEMENT,19000,13.92,0.15,16,0
41,24000,OWN,3,EDUCATION,4500,12.99,0.19,14,0
42,125000,MORTGAGE,5,MEDICAL,35000,7.9,0.28,12,0
45,125000,MORTGAGE,0,HOMEIMPROVEMENT,12000,6.03,0.1,14,0
42,24000,OWN,10,MEDICAL,5000,,0.21,11,0
40,22800,RENT,0,MEDICAL,1500,7.29,0.07,16,0
39,125000,MORTGAGE,13,DEBTCONSOLIDATION,4500,6.62,0.04,11,0
41,125000,MORTGAGE,,VENTURE,14975,6.03,0.12,16,0
36,125000,MORTGAGE,14,MEDICAL,14500,,0.12,16,0
39,25140,RENT,8,DEBTCONSOLIDATION,1500,14.22,0.06,13,1
40,125000,MORTGAGE,3,PERSONAL,10200,7.49,0.08,13,0
40,54000,RENT,4,PERSONAL,15000,14.26,0.28,12,0
43,125000,MORTGAGE,,HOMEIMPROVEMENT,8800,7.88,0.07,13,0
41,125000,MORTGAGE,7,DEBTCONSOLIDATION,20000,13.11,0.16,13,0
45,125000,MORTGAGE,14,PERSONAL,10000,,0.08,12,0
50,56000,RENT,2,HOMEIMPROVEMENT,15000,13.47,0.27,15,0
42,113000,MORTGAGE,11,EDUCATION,24000,15.31,0.21,15,1
37,125000,MORTGAGE,1,HOMEIMPROVEMENT,8000,9.32,0.06,15,0
42,57000,RENT,4,MEDICAL,15000,13.43,0.26,12,0
40,52000,RENT,2,EDUCATION,15000,18.62,0.29,17,1
45,126000,MORTGAGE,5,VENTURE,6000,10.65,0.05,12,0
44,58000,RENT,2,HOMEIMPROVEMENT,15000,13.48,0.26,15,0
39,126000,MORTGAGE,3,MEDICAL,14000,9.99,0.11,14,0
38,126000,MORTGAGE,3,EDUCATION,2400,,0.02,14,0
39,24000,OWN,0,HOMEIMPROVEMENT,3000,7.74,0.13,11,0
40,115000,MORTGAGE,16,HOMEIMPROVEMENT,10000,11.11,0.09,11,1
37,60000,RENT,,DEBTCONSOLIDATION,15000,12.42,0.25,15,0
43,98600,MORTGAGE,0,MEDICAL,7750,15.31,0.07,14,1
42,98603,MORTGAGE,19,MEDICAL,24250,14.22,0.21,14,1
46,60000,RENT,10,MEDICAL,15000,13.49,0.25,17,0
38,130000,MORTGAGE,1,HOMEIMPROVEMENT,30000,9.91,0.23,14,0
46,60000,RENT,9,VENTURE,15000,16.32,0.25,13,0
36,60000,RENT,2,VENTURE,15000,,0.25,16,0
36,60000,RENT,0,HOMEIMPROVEMENT,15000,13.57,0.25,12,0
45,118000,MORTGAGE,11,EDUCATION,9600,13.99,0.08,12,1
38,130000,MORTGAGE,8,DEBTCONSOLIDATION,11000,10.74,0.08,11,0
36,130000,MORTGAGE,9,PERSONAL,12000,,0.09,14,0
40,100300,MORTGAGE,2,MEDICAL,25000,14.83,0.21,16,1
40,130000,MORTGAGE,0,DEBTCONSOLIDATION,24250,6.17,0.19,16,0
39,130000,OWN,13,HOMEIMPROVEMENT,25000,16.07,0.19,14,0
37,22800,OWN,18,EDUCATION,7000,6.03,0.31,15,0
36,65000,RENT,7,MEDICAL,15000,10.59,0.23,17,0
41,132000,MORTGAGE,3,DEBTCONSOLIDATION,8000,13.49,0.06,17,0
40,132000,MORTGAGE,7,HOMEIMPROVEMENT,7500,7.29,0.06,15,0
36,65000,RENT,7,MEDICAL,15000,13.72,0.23,11,0
39,134000,MORTGAGE,,VENTURE,25000,10.25,0.19,17,0
42,60000,RENT,1,PERSONAL,15000,,0.25,15,1
36,123000,MORTGAGE,1,DEBTCONSOLIDATION,2500,14.91,0.02,14,1
41,135000,MORTGAGE,2,MEDICAL,20000,9.25,0.15,13,0
41,68000,RENT,0,EDUCATION,15000,13.47,0.22,12,0
36,62962,RENT,2,EDUCATION,15000,11.71,0.24,13,1
40,136000,MORTGAGE,5,HOMEIMPROVEMENT,21000,9.99,0.15,16,0
36,136000,MORTGAGE,0,VENTURE,4800,14.72,0.04,15,0
42,136173,MORTGAGE,2,EDUCATION,8000,6.62,0.06,15,0
50,137000,MORTGAGE,2,MEDICAL,23000,7.9,0.17,13,0
37,138000,MORTGAGE,19,EDUCATION,4000,15.62,0.03,12,0
43,138000,MORTGAGE,4,HOMEIMPROVEMENT,9900,6.99,0.07,14,0
36,138000,MORTGAGE,0,VENTURE,10000,13.98,0.07,12,0
38,71000,RENT,14,MEDICAL,15000,8.88,0.21,15,0
45,139380,OWN,4,HOMEIMPROVEMENT,9000,7.51,0.06,12,0
45,140000,MORTGAGE,9,HOMEIMPROVEMENT,7500,6.62,0.05,15,0
38,140000,MORTGAGE,13,HOMEIMPROVEMENT,10000,15.62,0.07,11,0
48,140000,MORTGAGE,4,EDUCATION,18000,9.99,0.13,11,0
36,140000,MORTGAGE,21,PERSONAL,8000,6.99,0.06,11,0
38,72900,RENT,3,PERSONAL,15000,12.68,0.21,12,0
45,140000,MORTGAGE,18,HOMEIMPROVEMENT,7000,7.29,0.05,17,0
41,108800,MORTGAGE,2,MEDICAL,15000,17.88,0.12,16,1
41,140000,MORTGAGE,3,VENTURE,25000,13.8,0.18,12,0
37,74000,RENT,7,PERSONAL,15000,11.71,0.2,11,0
38,140000,MORTGAGE,0,HOMEIMPROVEMENT,25000,9.99,0.18,12,0
38,140000,MORTGAGE,1,PERSONAL,10000,14.09,0.07,16,0
37,140000,MORTGAGE,15,HOMEIMPROVEMENT,14000,7.51,0.1,12,0
37,74784,RENT,8,HOMEIMPROVEMENT,15000,14.5,0.2,15,0
50,69000,RENT,8,DEBTCONSOLIDATION,15000,,0.22,17,1
40,75000,RENT,6,EDUCATION,15000,7.29,0.2,11,0
39,128000,MORTGAGE,12,HOMEIMPROVEMENT,20000,13.11,0.16,15,1
39,69000,RENT,0,PERSONAL,15000,14.42,0.22,12,1
36,19200,OWN,0,HOMEIMPROVEMENT,4500,13.49,0.23,14,1
37,117300,MORTGAGE,12,MEDICAL,10000,,0.07,11,1
39,138000,MORTGAGE,3,HOMEIMPROVEMENT,20000,11.14,0.14,12,1
41,141000,MORTGAGE,12,DEBTCONSOLIDATION,25000,14.96,0.18,13,1
39,49000,RENT,0,DEBTCONSOLIDATION,15175,19.13,0.31,11,1
42,37000,RENT,0,EDUCATION,15200,14.26,0.41,16,1
40,36100,RENT,9,VENTURE,15250,12.53,0.42,16,1
37,145124,MORTGAGE,21,PERSONAL,11375,10.99,0.08,14,1
36,42000,RENT,7,PERSONAL,15600,,0.37,14,1
44,45000,RENT,0,VENTURE,15775,10.99,0.35,12,1
42,153000,MORTGAGE,7,EDUCATION,25000,20.53,0.16,14,1
36,170000,MORTGAGE,13,VENTURE,25000,7.51,0.15,13,0
41,170000,MORTGAGE,11,MEDICAL,20000,11.11,0.12,11,0
46,82000,RENT,2,EDUCATION,16000,10.99,0.2,16,0
41,88712,RENT,2,VENTURE,16000,10.95,0.18,15,0
42,175000,MORTGAGE,12,PERSONAL,7000,12.99,0.04,13,0
44,175000,MORTGAGE,9,HOMEIMPROVEMENT,15000,7.66,0.09,17,0
41,138550,MORTGAGE,8,MEDICAL,23000,14.96,0.14,12,1
38,175000,MORTGAGE,21,VENTURE,10000,11.26,0.06,17,0
44,140787,MORTGAGE,3,MEDICAL,35000,16.49,0.21,15,1
47,178000,OWN,31,VENTURE,9000,10.99,0.05,17,0
46,180000,MORTGAGE,31,VENTURE,18000,9.91,0.1,11,0
41,180000,OWN,13,MEDICAL,14000,5.99,0.08,11,0
37,181000,MORTGAGE,11,DEBTCONSOLIDATION,20000,13.85,0.11,17,0
40,182004,MORTGAGE,7,HOMEIMPROVEMENT,25000,16.07,0.14,12,0
38,100000,RENT,2,HOMEIMPROVEMENT,16000,,0.16,11,0
48,185000,MORTGAGE,2,VENTURE,10000,20.62,0.05,14,0
36,185000,MORTGAGE,20,VENTURE,6000,10,0.03,15,0
37,185000,MORTGAGE,15,VENTURE,4000,10,0.02,11,0
47,187000,MORTGAGE,5,HOMEIMPROVEMENT,14000,8.9,0.07,16,0
40,187000,MORTGAGE,0,DEBTCONSOLIDATION,10000,7.9,0.05,17,0
37,108996,RENT,15,EDUCATION,16000,13.11,0.15,13,0
38,98000,RENT,4,DEBTCONSOLIDATION,16000,16.4,0.16,15,1
43,195000,MORTGAGE,4,EDUCATION,10000,12.73,0.05,12,0
44,200000,MORTGAGE,,VENTURE,20000,7.51,0.1,11,0
40,14400,OWN,10,HOMEIMPROVEMENT,8000,7.14,0.56,12,1
36,120000,RENT,2,HOMEIMPROVEMENT,16000,13.06,0.13,16,0
37,200000,MORTGAGE,3,EDUCATION,10000,13.8,0.05,16,0
38,200000,MORTGAGE,0,EDUCATION,3000,7.68,0.01,15,0
47,204000,MORTGAGE,6,EDUCATION,10000,13.06,0.05,13,0
37,205000,MORTGAGE,3,EDUCATION,18000,10.39,0.09,14,0
36,171870,MORTGAGE,4,MEDICAL,9400,15.62,0.05,11,1
42,300000,RENT,26,MEDICAL,16000,9.63,0.05,15,0
42,224000,MORTGAGE,16,EDUCATION,25000,11.86,0.11,15,0
43,69996,RENT,18,MEDICAL,19200,,0.27,11,0
40,250000,MORTGAGE,8,EDUCATION,28000,7.9,0.11,13,0
39,250000,MORTGAGE,21,VENTURE,4000,15.23,0.02,13,0
37,250000,MORTGAGE,2,EDUCATION,34000,14.79,0.14,16,0
37,74000,RENT,9,HOMEIMPROVEMENT,19200,12.87,0.26,12,1
36,238000,MORTGAGE,2,DEBTCONSOLIDATION,25000,15.95,0.11,17,1
45,89000,RENT,5,PERSONAL,19200,,0.22,12,0
40,275004,MORTGAGE,2,MEDICAL,24500,10.99,0.09,13,0
36,290000,MORTGAGE,6,PERSONAL,25000,15.65,0.09,16,0
37,244800,MORTGAGE,20,MEDICAL,35000,18.39,0.12,14,1
40,300000,MORTGAGE,3,VENTURE,16000,14.17,0.05,14,0
40,33600,RENT,8,EDUCATION,19275,14.5,0.57,11,1
38,313000,MORTGAGE,0,DEBTCONSOLIDATION,21600,,0.07,16,0
42,316800,MORTGAGE,3,PERSONAL,19400,,0.06,13,0
36,261800,MORTGAGE,16,MEDICAL,24000,10.62,0.08,16,1
39,310400,MORTGAGE,13,DEBTCONSOLIDATION,15000,15.65,0.05,11,1
39,325000,MORTGAGE,14,PERSONAL,18000,14.96,0.06,14,0
42,360000,MORTGAGE,11,EDUCATION,25000,9.99,0.07,14,0
45,54000,RENT,1,DEBTCONSOLIDATION,19425,11.99,0.36,17,1
41,381450,MORTGAGE,10,MEDICAL,35000,13.49,0.09,14,0
41,444000,MORTGAGE,4,EDUCATION,2500,15.31,0.01,11,0
40,550000,MORTGAGE,4,VENTURE,18000,11.12,0.03,12,0
40,550000,MORTGAGE,5,MEDICAL,8000,10.75,0.01,14,0
37,600000,OWN,11,HOMEIMPROVEMENT,16000,10.25,0.03,14,0
42,499800,OWN,4,MEDICAL,24000,18.43,0.04,11,1
42,600000,OTHER,2,EDUCATION,25000,14.74,0.04,11,0
43,780000,MORTGAGE,2,HOMEIMPROVEMENT,1000,8.94,0,11,0
38,37440,RENT,14,VENTURE,19750,13.92,0.53,16,1
37,800000,MORTGAGE,10,DEBTCONSOLIDATION,15000,11.36,0.02,17,0
36,828000,MORTGAGE,3,HOMEIMPROVEMENT,4200,,0.01,16,0
42,39000,RENT,4,HOMEIMPROVEMENT,19750,10.65,0.51,14,1
37,900000,MORTGAGE,5,PERSONAL,25000,12.87,0.03,13,0
47,1362000,MORTGAGE,9,VENTURE,6600,7.74,0,17,0
36,9600,MORTGAGE,1,VENTURE,3250,11.49,0.34,15,1
44,1440000,MORTGAGE,7,DEBTCONSOLIDATION,6400,7.4,0,15,0
36,45000,RENT,0,MEDICAL,19750,13.35,0.44,14,1
40,8628,OWN,,DEBTCONSOLIDATION,2500,,0.29,17,1
46,8088,RENT,15,MEDICAL,1600,14.42,0.2,11,1
37,7200,RENT,0,VENTURE,1000,11.14,0.14,13,0
37,6000,OWN,3,VENTURE,1300,6.03,0.22,11,1
41,4000,RENT,0,MEDICAL,2000,13.22,0.5,15,1
36,28800,RENT,2,MEDICAL,6000,15.96,0.21,13,0
47,79500,MORTGAGE,0,MEDICAL,16000,7.51,0.2,14,0
44,36000,MORTGAGE,6,EDUCATION,1000,7.51,0.03,17,0
47,48000,RENT,14,DEBTCONSOLIDATION,2500,14.65,0.05,17,0
43,46000,RENT,3,EDUCATION,5000,10.38,0.11,15,1
39,70000,MORTGAGE,7,VENTURE,12500,7.9,0.18,13,0
37,25000,RENT,6,EDUCATION,7500,10.99,0.3,15,0
44,94128,MORTGAGE,14,MEDICAL,4400,7.29,0.05,11,0
42,85000,RENT,3,MEDICAL,5750,12.99,0.07,14,0
38,37500,RENT,0,EDUCATION,1375,6.91,0.04,15,0
37,74784,RENT,8,HOMEIMPROVEMENT,15000,14.5,0.2,11,0
40,35820,RENT,0,PERSONAL,3275,8.88,0.09,13,0
46,47000,MORTGAGE,5,PERSONAL,6000,7.14,0.13,14,0
36,43680,MORTGAGE,0,VENTURE,15000,13.11,0.34,17,0
37,32400,OWN,0,EDUCATION,8000,15.99,0.25,12,0
44,88000,RENT,8,EDUCATION,8000,10.38,0.09,11,0
40,38000,RENT,4,DEBTCONSOLIDATION,7000,15.99,0.18,16,1
38,160000,MORTGAGE,12,EDUCATION,14000,6.62,0.09,16,0
48,19200,OWN,1,MEDICAL,7000,,0.36,16,1
38,55000,MORTGAGE,16,DEBTCONSOLIDATION,11700,7.66,0.21,13,0
36,20004,RENT,1,EDUCATION,4375,10.74,0.22,11,0
41,110000,MORTGAGE,7,VENTURE,30000,9.91,0.27,17,0
37,52000,RENT,0,VENTURE,14000,13.16,0.27,15,0
40,15864,RENT,,DEBTCONSOLIDATION,2375,11.11,0.15,12,0
38,130000,MORTGAGE,1,DEBTCONSOLIDATION,30000,9.91,0.23,11,0
36,38795,MORTGAGE,,MEDICAL,2000,,0.05,13,0
36,155000,MORTGAGE,9,MEDICAL,30000,7.9,0.19,14,0
39,84000,OWN,12,VENTURE,9875,7.51,0.12,14,0
38,81000,MORTGAGE,0,HOMEIMPROVEMENT,11000,10.36,0.14,14,0
37,74568,RENT,0,PERSONAL,6000,14.26,0.08,16,0
37,33280,RENT,2,VENTURE,8400,13.92,0.25,17,0
47,65000,RENT,1,MEDICAL,3100,13.49,0.05,16,0
41,35000,MORTGAGE,18,VENTURE,1500,13.06,0.04,13,0
37,60000,RENT,0,EDUCATION,3000,12.53,0.05,15,0
38,110000,OWN,6,VENTURE,12000,12.99,0.11,11,0
50,58800,MORTGAGE,12,MEDICAL,22000,17.74,0.37,13,1
38,18720,OWN,22,VENTURE,2500,11.86,0.13,16,0
37,60000,RENT,21,VENTURE,16000,,0.27,15,0
43,97500,RENT,6,PERSONAL,24000,10.99,0.25,16,0
46,90000,MORTGAGE,5,DEBTCONSOLIDATION,20000,6.91,0.22,15,0
37,48000,RENT,3,MEDICAL,7500,16.29,0.16,12,0
42,360000,MORTGAGE,11,HOMEIMPROVEMENT,25000,9.99,0.07,17,0
37,60000,RENT,1,MEDICAL,10000,15.99,0.17,17,1
39,12000,RENT,,DEBTCONSOLIDATION,2000,10.65,0.17,16,1
43,50000,MORTGAGE,11,EDUCATION,11500,,0.23,11,0
50,41496,RENT,9,MEDICAL,5000,15.31,0.12,12,1
50,68000,MORTGAGE,5,PERSONAL,10000,11.49,0.15,16,0
41,140000,MORTGAGE,2,EDUCATION,15000,17.88,0.11,11,0
36,45600,MORTGAGE,6,VENTURE,10000,13.49,0.22,15,0
20,65000,MORTGAGE,4,EDUCATION,4800,9.99,0.07,2,0
20,65000,MORTGAGE,4,VENTURE,4800,9.99,0.07,4,0
49,72000,RENT,4,DEBTCONSOLIDATION,8000,7.49,0.11,17,0
20,77000,MORTGAGE,4,VENTURE,6000,8,0.08,2,0
20,77052,MORTGAGE,4,EDUCATION,24250,11.36,0.31,2,0
20,85920,MORTGAGE,3,DEBTCONSOLIDATION,12000,8.49,0.14,2,0
20,94000,RENT,4,EDUCATION,5000,16.02,0.05,3,0
20,98000,MORTGAGE,4,EDUCATION,24250,,0.25,4,0
20,115731,MORTGAGE,4,DEBTCONSOLIDATION,9625,10.74,0.08,3,0
49,120000,MORTGAGE,12,MEDICAL,12000,10.99,0.1,12,0
20,135000,MORTGAGE,1,VENTURE,15000,15.96,0.11,2,0
20,188004,MORTGAGE,4,EDUCATION,2000,8.59,0.01,4,0
20,188004,MORTGAGE,4,PERSONAL,2000,8.59,0.01,2,0
49,15000,RENT,6,EDUCATION,2400,9.91,0.16,17,1
49,15000,RENT,6,MEDICAL,2400,9.91,0.16,13,0
49,23004,RENT,6,PERSONAL,3250,15.21,0.14,12,0
49,28800,MORTGAGE,5,MEDICAL,12000,,0.42,16,1
49,41869,MORTGAGE,8,EDUCATION,8000,7.14,0.19,15,0
49,42000,MORTGAGE,12,MEDICAL,3000,8.9,0.07,15,1
49,42000,MORTGAGE,15,EDUCATION,16750,10.99,0.4,12,0
49,45000,RENT,8,PERSONAL,10000,14.22,0.22,12,0
49,45000,RENT,2,DEBTCONSOLIDATION,15000,13.49,0.33,12,0
49,50000,MORTGAGE,8,PERSONAL,15850,14.26,0.32,17,0
49,50000,MORTGAGE,4,DEBTCONSOLIDATION,10000,9.07,0.2,15,0
49,50000,RENT,4,DEBTCONSOLIDATION,9200,,0.18,16,0
49,56100,MORTGAGE,11,MEDICAL,15000,,0.23,13,0
49,58000,MORTGAGE,5,PERSONAL,16000,15.33,0.28,13,0
49,72000,MORTGAGE,2,VENTURE,14825,6.03,0.21,12,1
49,74000,MORTGAGE,20,DEBTCONSOLIDATION,12000,17.99,0.16,15,0
49,74880,RENT,6,MEDICAL,14300,7.51,0.19,16,1
49,75000,MORTGAGE,21,DEBTCONSOLIDATION,15600,17.27,0.21,11,0
49,76872,MORTGAGE,4,PERSONAL,15000,14.84,0.2,11,1
49,77000,MORTGAGE,4,DEBTCONSOLIDATION,16000,14.09,0.21,12,0
49,80000,RENT,0,HOMEIMPROVEMENT,4800,7.88,0.06,15,1
49,82000,MORTGAGE,4,PERSONAL,10000,16.49,0.12,12,0
49,84240,MORTGAGE,4,MEDICAL,14000,11.89,0.17,17,0
49,86400,RENT,7,PERSONAL,16875,7.51,0.2,14,0
49,86400,RENT,0,MEDICAL,4000,,0.05,17,1
49,88000,RENT,11,VENTURE,12000,6.62,0.14,17,0
49,88400,MORTGAGE,4,MEDICAL,20000,13.92,0.23,14,0
49,90000,RENT,3,EDUCATION,12000,,0.13,16,0
43,65000,MORTGAGE,27,VENTURE,6000,7.49,0.09,17,0
43,47840,RENT,27,PERSONAL,15000,12.42,0.31,12,1
54,107000,RENT,27,VENTURE,10000,9.91,0.09,20,0
65,93000,MORTGAGE,27,PERSONAL,25000,9.99,0.27,27,0
48,70000,MORTGAGE,31,HOMEIMPROVEMENT,9000,14.54,0.13,17,0
46,180000,MORTGAGE,31,MEDICAL,18000,9.91,0.1,12,0
42,48000,MORTGAGE,26,MEDICAL,6500,7.29,0.14,11,0
42,57996,RENT,26,VENTURE,6000,8.59,0.1,12,1
42,62000,RENT,26,VENTURE,10000,8.49,0.16,14,0
39,29894,OWN,23,HOMEIMPROVEMENT,8000,9.63,0.27,17,0
43,70000,RENT,23,VENTURE,11000,7.29,0.16,16,0
39,54000,MORTGAGE,23,HOMEIMPROVEMENT,9000,11.71,0.17,12,0
39,56100,MORTGAGE,23,MEDICAL,8000,16.07,0.12,14,1
41,90000,MORTGAGE,23,VENTURE,13200,6.62,0.15,13,0
38,28800,OWN,23,VENTURE,13000,8.32,0.45,12,0
52,25000,RENT,23,MEDICAL,5000,12.61,0.2,22,1
52,29000,OWN,23,PERSONAL,7000,7.49,0.24,20,0
76,75000,RENT,23,MEDICAL,15000,8.94,0.2,25,0
38,43000,RENT,22,MEDICAL,10000,16.89,0.23,12,1
38,35000,RENT,22,EDUCATION,11100,6.62,0.32,14,1
46,305000,MORTGAGE,22,VENTURE,20000,17.93,0.07,13,0
38,192000,MORTGAGE,22,HOMEIMPROVEMENT,5600,7.9,0.03,14,0
46,185000,MORTGAGE,22,VENTURE,20000,11.36,0.11,15,0
43,62900,RENT,22,MEDICAL,18000,17.27,0.24,14,1
38,99996,OWN,22,HOMEIMPROVEMENT,25000,14.96,0.25,13,0
38,105000,MORTGAGE,22,VENTURE,12350,6.62,0.12,11,0
38,114000,MORTGAGE,22,DEBTCONSOLIDATION,19000,9.99,0.17,12,0
50,116000,MORTGAGE,22,PERSONAL,5000,10.25,0.04,17,0
